BlockId,Label
3cb580c5_1,normal
b1291aca_1,normal
76bb94b3_1,both
ab55b561_1,normal
4353ed8c_1,explicit
4cc2085e_1,explicit
75831eaf_1,normal
cf93da15_1,implicit
1199ea8e_1,normal
b1085c16_1,normal
3b24fefc_1,normal
8f86596e_1,explicit
ea6f438f_1,both
75f5a15f_1,normal
c47726e3_1,normal
fec293aa_1,normal
76f86188_1,normal
fe0bf676_1,normal
6dcffc11_1,both
c0606798_1,explicit
0209f814_1,both
a2e07550_1,normal
6e542e69_1,normal
7078caa8_1,both
6ed3b30d_1,normal
6ed3b30d_2,normal
6ed3b30d_3,normal
6ed3b30d_4,normal
c5ad5716_1,implicit
6d9f9d63_1,explicit
506b2567_1,normal
1ea54afe_1,normal
b6818c6f_1,explicit
7e9b4875_1,normal
2557d6bb_1,both
c88532db_1,normal
d3817e0d_1,normal
f8732c85_1,both
067446b1_1,both
831e0e3d_1,normal
fa1126d8_1,explicit
c58a4557_1,normal
59d41190_1,explicit
501f280c_1,normal
68488c67_1,implicit
8a1f85c3_1,normal
81be7c80_1,explicit
ab4d165d_1,both
aaee09fa_1,both
437f61d0_1,normal
381cbb8e_1,normal
7b1bb131_1,explicit
d2c73b3e_1,both
9afc278e_1,both
801419e5_1,explicit
fe5350fc_1,normal
7df9c066_1,explicit
4f158181_1,normal
3e5ae19e_1,normal
07ef5dce_1,normal
a9f6d309_1,normal
fe354980_1,normal
bf393a4d_1,normal
56e4ab07_1,normal
03d81bc6_1,both
c06f48e6_1,explicit
4a888ed1_1,normal
8ea40681_1,explicit
5e93486f_1,both
d1b0ba62_1,explicit
5747a04c_1,normal
8567706f_1,normal
2605610a_1,normal
9ef8ac8f_1,normal
36cc6cf6_1,normal
ec0d89c2_1,normal
11f598e1_1,normal
e66bada9_1,explicit
830dd293_1,normal
ae8a8253_1,normal
f9ef851f_1,normal
311bafaf_1,normal
45026e0b_1,normal
094ae7eb_1,explicit
36ca8b6b_1,normal
36dc1b70_1,normal
287519a4_1,normal
50ac8539_1,normal
8955325e_1,normal
6abec033_1,normal
3d849cf6_1,both
ba154053_1,normal
ba154053_2,normal
ba154053_3,normal
9c4aaec6_1,normal
03b2cdd5_1,both
a8e53239_1,normal
57d3dd5a_1,normal
81f5893c_1,explicit
0eb4ce50_1,implicit
f679fcd5_1,normal
2d5497d0_1,both
de315e6f_1,explicit
789361a8_1,normal
dbde8624_1,both
5827277e_1,both
747628cc_1,explicit
be157a81_1,normal
5c662484_1,implicit
3b516ede_1,normal
4a066b98_1,both
70a51182_1,normal
7bd5818c_1,normal
8fb7066d_1,normal
0afaad5a_1,normal
8d42f71a_1,explicit
ca843567_1,normal
c41e613a_1,normal
4b397310_1,normal
c265e41b_1,normal
2c832a45_1,explicit
c54880f8_1,normal
506cae22_1,explicit
ff78270c_1,normal
c9473868_1,normal
623f8189_1,explicit
0ff6fca5_1,normal
cd03ca7c_1,normal
36097832_1,both
25789b6c_1,normal
93b6088e_1,normal
1d029de1_1,normal
613a536a_1,both
53754438_1,normal
cd09bf61_1,explicit
210522a9_1,normal
3fefccab_1,normal
418ed533_1,explicit
c113f638_1,explicit
9dff7173_1,normal
8069aa00_1,normal
03d0602a_1,normal
3df3d30f_1,normal
6bf4fdc2_1,explicit
6bf4fdc2_2,normal
916242ea_1,normal
0de3dd16_1,normal
710fb74a_1,normal
c1ee7c5c_1,explicit
7241cbf2_1,normal
3107695b_1,explicit
902f5689_1,normal
a1a28ebc_1,normal
1c9ec6c9_1,normal
f1ca50a7_1,explicit
c3dffc8d_1,normal
3c559bc2_1,normal
a74a5e62_1,normal
1eccee08_1,normal
682407a1_1,normal
13999734_1,explicit
91d599fd_1,normal
d64c0403_1,normal
7cd43ffb_1,normal
d17755c5_1,normal
70c97f59_1,normal
6afa2571_1,normal
e0e353be_1,normal
83722046_1,normal
fa56c2e6_1,normal
ee89b23b_1,normal
77e5bffe_1,both
86bf2ba9_1,explicit
fc787b43_1,normal
d09787e1_1,both
90f58bc5_1,both
cc561f40_1,normal
7d14fc2b_1,normal
69e7bbdd_1,normal
131d61f5_1,normal
776e1385_1,explicit
aa550727_1,normal
cbab59e7_1,normal
bbbe0958_1,both
41fdd2b7_1,normal
e960d09d_1,explicit
2501384f_1,normal
f9a079d4_1,both
23e1ba30_1,normal
6640bf55_1,implicit
bed7f516_1,normal
236766ff_1,normal
3de44737_1,normal
160c6b6b_1,normal
e8ceb71f_1,normal
ed414bd5_1,normal
3da32ef2_1,both
f02c8528_1,normal
798d4654_1,normal
ccd9fa94_1,explicit
6b81e63f_1,implicit
a6952900_1,normal
44d948ce_1,normal
1a4d0cd0_1,both
c4be618e_1,normal
978e5de6_1,normal
1be4a3c1_1,normal
742a321e_1,normal
09d12be3_1,both
f633ad82_1,normal
04c09e24_1,normal
cae48b56_1,normal
8a087b11_1,normal
2d69a526_1,both
920f3f5a_1,explicit
084ec2bb_1,normal
d975ca8b_1,explicit
49f63ad4_1,explicit
45c7d868_1,explicit
3511fcc9_1,normal
29c49cc0_1,normal
4772b24c_1,normal
fd3c3f9e_1,both
3c2a3fe3_1,normal
6c9d4fc3_1,normal
d0ecda7d_1,explicit
61644d17_1,explicit
a35c2a2e_1,normal
fe8842e1_1,normal
4136de72_1,both
6f85767b_1,normal
c5dea692_1,normal
fb7205f8_1,both
8e2260eb_1,normal
9105c06c_1,normal
17e52458_1,normal
c84c16a1_1,normal
33db09a0_1,normal
e327ab53_1,normal
3dc8b97b_1,normal
95f57dfb_1,implicit
ce4ff538_1,both
f0bb7487_1,normal
658d5e10_1,normal
c1de6a35_1,normal
4aeb68c3_1,normal
00796c61_1,normal
ca4a707a_1,explicit
3e66b2d1_1,normal
edafd811_1,normal
c2a88d4e_1,explicit
c9580035_1,normal
3fe4d6bc_1,normal
0fd28f90_1,normal
f8ec26bc_1,implicit
9002ad83_1,both
ca18140b_1,normal
c8d445c5_1,normal
e46023fd_1,both
5e4e8e9d_1,normal
0e4f8c81_1,explicit
135a8c1e_1,normal
22ac07f5_1,both
4aa87af0_1,normal
27662463_1,normal
8b13e4f3_1,normal
bacd9c00_1,normal
66c3cda4_1,normal
a63e0427_1,explicit
3ce926b0_1,normal
12d6e99b_1,normal
a2a1f4ec_1,explicit
098963e7_1,explicit
4297f10d_1,normal
39303078_1,normal
4f2ee0ec_1,explicit
b9f75a67_1,both
48b5426f_1,explicit
33c6e319_1,explicit
09f742b8_1,explicit
96438379_1,explicit
3a872a25_1,explicit
c1a23f52_1,normal
d6da4222_1,normal
66a82b13_1,explicit
66a82b13_2,normal
66a82b13_3,normal
66a82b13_4,normal
66a82b13_5,normal
66a82b13_6,implicit
de479726_1,normal
a6ed83b7_1,normal
41d3462b_1,normal
0b1ceaf6_1,normal
13de417e_1,both
7f65700d_1,normal
5eae3b75_1,normal
d3501881_1,explicit
7a9f36be_1,both
aa959abe_1,normal
5c7cde1d_1,normal
6878f2c5_1,normal
3409ef11_1,explicit
80ac1f58_1,normal
e6cba92f_1,normal
f926b313_1,both
cf754c23_1,explicit
0d882abd_1,normal
0c72ee51_1,normal
16f83e7c_1,normal
3060573d_1,normal
3c601cd0_1,normal
504879eb_1,normal
6bf7f383_1,normal
0ce8d861_1,normal
628dc2f3_1,both
43c60ee8_1,both
b6c4a1e8_1,normal
6c7ac297_1,normal
cda65f8c_1,explicit
4c861f93_1,normal
a16b9044_1,normal
8bdb312c_1,normal
cd21c524_1,explicit
7c0759c2_1,both
49e904f7_1,explicit
49e904f7_2,normal
04eba040_1,normal
cf2ae241_1,normal
ab92aa05_1,normal
2bf4eafb_1,normal
249cd43e_1,explicit
a86d7e27_1,normal
341cee8f_1,normal
c8ab5b49_1,normal
9f22fc2d_1,both
9baec2d0_1,normal
d895635e_1,normal
79cbf732_1,normal
e38858e2_1,normal
256dd154_1,normal
adedb624_1,explicit
e9c51230_1,explicit
63a6a5be_1,normal
48b40c48_1,normal
811d1b4b_1,normal
3e1f6527_1,normal
26c584c1_1,normal
feb1bb2e_1,explicit
878e07ec_1,normal
6e463961_1,both
84867602_1,normal
60a9b8a9_1,explicit
1ea7a27b_1,normal
4dd7ede4_1,explicit
d9a4ec69_1,normal
cac001b3_1,explicit
389e9465_1,normal
76fc218e_1,both
70ae5e97_1,both
a1d3735e_1,implicit
f4fd0fe0_1,implicit
32979bde_1,explicit
2de698a5_1,normal
1d6e0056_1,normal
df8be796_1,explicit
e2896f6d_1,normal
06d21226_1,normal
38e8be21_1,implicit
3af25877_1,normal
ae4defed_1,normal
a5710af7_1,normal
882c1050_1,both
26fe1538_1,normal
b65f1526_1,normal
b7ec433d_1,explicit
3b504348_1,normal
4af7be0f_1,normal
0e1ccc5c_1,both
af86e81a_1,explicit
f3ffbe11_1,normal
9b94f9dd_1,normal
48ed9e5d_1,normal
8c540ab0_1,explicit
75db3f11_1,implicit
18a27592_1,normal
3cf4d301_1,normal
0352e981_1,normal
b7fc4204_1,explicit
3b3b4c95_1,normal
ae3e8dc7_1,normal
96f5f368_1,normal
d74bb602_1,normal
986c44fe_1,explicit
d7cc002b_1,normal
5ceb2fec_1,implicit
f2b01601_1,normal
68432276_1,normal
02fde848_1,normal
ee7528bc_1,normal
b9a254e8_1,normal
546a935e_1,explicit
7f523fc6_1,normal
0bfa5508_1,both
e688d8e3_1,both
bd555349_1,normal
a23904f9_1,explicit
751bd7d7_1,normal
bbb4f0e6_1,normal
42ce1d09_1,normal
26cdcdcc_1,normal
1cdff3a7_1,both
a1decf74_1,explicit
ed711e9a_1,both
78a9c050_1,normal
e6bee948_1,normal
90b218aa_1,normal
351e8778_1,normal
079b9c61_1,both
4edb2f1c_1,normal
bf351e0c_1,normal
22f9bae3_1,normal
cbe39af2_1,normal
cd67025d_1,normal
23a46b98_1,normal
b15fdbb2_1,normal
f6ac12a3_1,explicit
dd09f385_1,normal
159f10ed_1,normal
bd0ec1a0_1,normal
ff906792_1,normal
41c2512a_1,normal
2c64b1d0_1,normal
ca7e32a1_1,normal
b5254b40_1,normal
0185ebee_1,explicit
2af2b7bd_1,explicit
3c63b65a_1,explicit
be906f67_1,normal
a78880e2_1,normal
ba3b3322_1,normal
df690dac_1,normal
f64c95eb_1,normal
475c8eb2_1,normal
222c9796_1,normal
c5dcaa35_1,explicit
85f487ad_1,normal
7e7bb7ff_1,normal
eb9acb1a_1,both
300c0950_1,both
ae759faf_1,normal
ff76fcf3_1,both
1987d66d_1,implicit
27192011_1,explicit
47ed75e3_1,normal
814a63a7_1,normal
3ef59535_1,normal
57b80508_1,explicit
c76b5d8a_1,normal
a5aab547_1,both
bb6f5a5a_1,normal
6ac37d33_1,normal
c5cc0baa_1,normal
ccb7f975_1,normal
0cced512_1,both
65a5dd4c_1,normal
7f4fd644_1,normal
4d1a16a2_1,normal
e2346aa0_1,normal
906697f5_1,normal
437744d1_1,explicit
85ad05c9_1,normal
1eaa8b74_1,normal
886f1e28_1,explicit
c3a5f663_1,explicit
368bfe05_1,normal
f737d3b3_1,normal
87393343_1,normal
13ddb047_1,normal
d6613cc4_1,normal
135e3043_1,normal
3044ac0f_1,both
ef145885_1,explicit
da7c32b2_1,both
7e48a49d_1,both
f0413203_1,normal
562e50f3_1,both
c71e64a1_1,normal
41ed2201_1,normal
f69321aa_1,explicit
a400a047_1,both
27f244ce_1,normal
8a569fb8_1,explicit
e94ada36_1,explicit
e94ada36_2,normal
e94ada36_3,normal
404868c7_1,explicit
73d48e8f_1,normal
8a10f2ea_1,normal
eb2293c7_1,normal
d129f405_1,normal
b28d25dc_1,normal
89f6f51b_1,both
73975c63_1,normal
bfbd1119_1,normal
a898d81a_1,both
1869ea54_1,both
3aa53a92_1,implicit
c88b235c_1,normal
4ac096b8_1,normal
275564ac_1,normal
05faa77f_1,normal
e016af4b_1,normal
148d61b5_1,normal
13fce6f9_1,normal
0fe6c142_1,normal
6ad5b358_1,explicit
6f8041f8_1,both
cd5eea68_1,normal
c7ae9d25_1,normal
cf647599_1,both
3384c356_1,both
b89820a3_1,both
2492a79e_1,normal
2685a195_1,normal
29650f71_1,explicit
fcb1aaaf_1,explicit
68f47234_1,implicit
9a24a53f_1,explicit
ef78067f_1,explicit
2eecf43d_1,both
fc0a508f_1,both
0d5b3222_1,normal
f3bac353_1,normal
f9fcf1fb_1,both
32f63f3f_1,normal
12c2c58c_1,explicit
97f8c761_1,explicit
0c223670_1,explicit
915b8c2c_1,normal
bffd60c7_1,explicit
d1c29404_1,both
02b345a1_1,explicit
9076147a_1,normal
aa72fbd0_1,normal
3b2d2c3a_1,normal
e129f8da_1,normal
4900506e_1,explicit
b970d833_1,normal
cd32b3ca_1,normal
a1cc8de8_1,normal
5390c7cd_1,both
0d5f1aaf_1,implicit
1c93ae0a_1,both
50b429a0_1,implicit
fee906cf_1,normal
9b0464a4_1,normal
c41c992f_1,both
78be17f0_1,normal
4801a050_1,normal
ecee2f0d_1,normal
6623aa06_1,both
7de89cd6_1,normal
f01c34e9_1,normal
956d9c06_1,both
d6f09f38_1,normal
d09f412e_1,normal
d09f412e_2,implicit
013fde1d_1,normal
6c06ea6a_1,explicit
0b705561_2,normal
8ea2eb12_1,normal
b829b3ba_1,both
b829b3ba_2,implicit
b829b3ba_3,normal
673000f6_1,normal
fd53f727_1,explicit
7ba22b19_1,both
de1c26b0_1,explicit
de1c26b0_2,normal
de1c26b0_3,explicit
de1c26b0_4,normal
fd064cea_1,normal
fd064cea_2,normal
fd064cea_3,normal
fd064cea_4,normal
fd064cea_5,normal
6d21d86a_1,normal
35365270_1,normal
b2554a5a_1,explicit
90cc84fc_3,explicit
90cc84fc_4,explicit
9696e2bd_1,normal
0ccdf485_1,normal
c2d8f9f6_1,normal
8cf354e8_1,normal
c474bcc5_1,both
8c313e3a_1,normal
72a485e7_1,both
823fb77e_1,normal
192937ed_1,normal
cfa43b47_1,normal
cfa43b47_2,explicit
82d75d1c_1,normal
4d618ca5_1,normal
4ee47bcc_1,normal
159ef401_1,normal
159ef401_2,normal
10e925b5_1,normal
10e925b5_2,normal
10e925b5_3,normal
10e925b5_4,normal
10e925b5_5,normal
10e925b5_6,explicit
10e925b5_7,explicit
4e8800a4_1,implicit
2ec16f47_1,normal
c74cbe91_1,explicit
c0417536_1,explicit
b9ebfcb2_1,normal
a8ad2d59_1,both
76e6ad54_1,normal
76e6ad54_2,normal
76e6ad54_3,normal
6389f227_1,normal
6fc610bc_1,normal
b4346390_1,both
71eeaa31_1,normal
71eeaa31_2,explicit
cc6389a3_1,both
bc2ec80d_1,normal
a92702d8_1,normal
bef34b7b_1,explicit
bef34b7b_2,normal
bef34b7b_3,both
119676dc_1,normal
119676dc_2,normal
119676dc_3,normal
1bd24cdf_1,normal
97a3b339_1,normal
97a3b339_2,explicit
f1936e6b_1,normal
3cb59717_1,normal
15fbbfad_1,normal
15fbbfad_2,normal
15fbbfad_3,normal
204d18c5_1,explicit
a5fe5f22_1,normal
338d09df_1,normal
a1462ef9_1,normal
7ebd8e22_1,normal
50d60515_1,normal
50d60515_2,normal
c99f530d_1,implicit
16b9dc33_1,normal
783e258e_1,explicit
20928ec4_1,normal
20928ec4_2,normal
94a313e2_1,normal
10cc72d7_1,normal
ea223cb3_1,normal
ea223cb3_2,normal
ea223cb3_3,normal
b9bdb2e7_1,normal
b94cf864_1,both
78867b06_1,normal
bb44a8a2_1,both
cd77a30f_2,explicit
cd77a30f_3,normal
c94bca92_1,normal
d139d6d7_1,explicit
f8e1c68f_1,implicit
cba7fac1_1,both
2c117e17_1,normal
cd7e18b5_1,normal
cd7e18b5_2,normal
592d2e18_1,explicit
4d36bb7e_1,normal
5fa63a50_1,explicit
5a488561_1,normal
5a488561_2,explicit
5a488561_3,normal
123c60c5_1,normal
123c60c5_2,normal
09ced72a_1,both
09ced72a_2,explicit
601bd284_2,normal
0cef7abd_1,normal
0cef7abd_2,normal
0cef7abd_3,normal
b1600851_1,normal
dea446e4_1,normal
5a11e422_1,normal
6c3b6cef_1,both
b39ad6bd_1,explicit
4fb3b6e7_1,explicit
4fb3b6e7_2,explicit
4fb3b6e7_3,normal
08596e26_1,explicit
b6d85897_1,normal
4b30694f_1,normal
1b2d748d_1,normal
4eab6649_1,implicit
ebd23edc_1,normal
db078377_1,normal
a97ba37a_1,normal
90ce9b77_1,both
90ce9b77_2,normal
9f3a0831_1,explicit
60438220_1,normal
60438220_2,normal
bea21e3c_1,explicit
157397a6_1,normal
dcde8ff6_1,both
f857215b_1,normal
d103ae30_1,normal
95d02f37_2,normal
95d02f37_3,normal
48eb6f6d_1,normal
c40fe1a0_1,normal
c40fe1a0_2,normal
580720c7_1,explicit
52129774_1,normal
c64a7351_1,normal
8d5c263b_1,normal
a8a7a059_1,explicit
a8a7a059_2,explicit
3a658010_1,normal
098b9932_1,explicit
c37e849d_1,normal
c37e849d_2,explicit
c37e849d_3,normal
c37e849d_4,normal
073c5b3d_1,explicit
c3875b61_1,implicit
c3875b61_2,normal
c3875b61_3,normal
c3875b61_4,normal
c3875b61_5,normal
c3875b61_6,normal
c3875b61_7,implicit
c3875b61_8,implicit
1f117d8f_1,normal
2d91c495_1,normal
66faa230_1,explicit
a270f959_1,explicit
a270f959_2,both
7186d870_1,explicit
7186d870_2,normal
7186d870_3,implicit
cd3918f9_1,normal
cb33f85a_1,normal
9ced17ca_1,explicit
e4a8dcf9_1,both
9833462c_1,normal
a33ac0d6_1,normal
a33ac0d6_2,normal
a33ac0d6_3,normal
8144ee26_1,explicit
587b85ab_1,normal
194d86c5_1,normal
59c04c4b_1,normal
f7d648a4_1,both
f7d648a4_2,both
aafff753_1,normal
aafff753_2,normal
aafff753_3,normal
aafff753_4,normal
aafff753_5,normal
aafff753_6,normal
aafff753_7,normal
0cdc1337_1,normal
a7e5f323_1,normal
d4a71db2_1,both
c88aaa20_1,implicit
c88aaa20_2,implicit
c88aaa20_3,normal
c88aaa20_4,normal
6d58382b_1,normal
6d58382b_2,normal
b4fef994_1,normal
d4659e66_1,implicit
48ddd5f2_1,normal
44b2ee32_1,normal
c7a85b48_1,explicit
c7a85b48_2,both
c7a85b48_3,explicit
1fdfa2df_1,normal
547b0421_1,both
c65abb05_1,normal
c65abb05_2,normal
c65abb05_3,normal
c65abb05_4,normal
c65abb05_5,normal
5fcdf335_1,normal
7f345650_1,explicit
fc51a574_1,both
0685a7cc_1,normal
30e65119_1,normal
8128b47d_1,normal
b3936bfc_1,explicit
9959d81a_1,explicit
9959d81a_2,explicit
9959d81a_3,normal
8ff95326_1,normal
4ce0d44b_1,normal
cb32ad64_1,normal
ea69d544_1,normal
e4ebc172_1,explicit
769f7161_1,normal
70afa1ae_1,explicit
70afa1ae_2,normal
edc46c27_1,implicit
edc46c27_2,normal
25d2fc6d_1,normal
330d00e1_1,normal
57ee6ae9_1,normal
57ee6ae9_2,explicit
0cee6e8b_1,normal
b0cfff1d_1,normal
b0cfff1d_2,normal
8227f9ab_1,implicit
95c0c14a_1,normal
95c0c14a_2,both
07565ec6_1,normal
07565ec6_2,explicit
1a83725a_1,normal
45cc70ed_1,both
0e2e82e1_1,normal
b8b96a12_1,normal
30d6c64f_1,explicit
30d6c64f_2,explicit
30d6c64f_3,explicit
10d12ed9_1,normal
06a67db8_1,normal
05e84400_1,normal
c136159a_1,normal
6a48eac4_1,normal
e388ff12_1,normal
75bc2a4a_1,explicit
3b0077ce_1,both
11161dbf_1,explicit
21570827_1,normal
c0936138_1,both
d46b84ea_1,normal
4aa2233b_1,explicit
9da32051_2,explicit
0c308082_1,normal
35cdb55b_1,normal
431047ee_1,normal
431047ee_2,normal
23238dd1_1,explicit
2a40679c_1,normal
f66a3040_1,normal
113f3054_1,normal
7ed1f488_1,normal
3e5c06b7_1,both
d19ee44b_1,normal
a3e0d018_1,normal
6fdc58d6_1,normal
1035dde0_2,normal
1035dde0_3,explicit
d898f4a8_1,normal
f465480d_1,explicit
6c01645c_1,both
7cdae8b8_1,normal
ee775cd3_1,normal
969cb4dc_1,implicit
b205c077_1,both
b205c077_2,normal
f20392cc_1,normal
50c4cd18_1,normal
558a27aa_1,explicit
ffc60e49_1,normal
ffc60e49_2,implicit
02c10069_1,normal
0dffbaeb_1,explicit
0dffbaeb_2,normal
c425734e_1,normal
37255d64_1,implicit
540c2661_1,normal
540c2661_2,normal
58dcaa49_1,normal
58dcaa49_2,normal
578a7459_1,normal
38d96db6_1,normal
57c21195_1,both
500583e8_1,explicit
0ff5ba3f_4,normal
8361a570_1,explicit
b06cee02_1,normal
d4129f18_1,normal
d4129f18_2,normal
d4129f18_3,explicit
d4129f18_4,normal
7e25eadc_1,normal
7e25eadc_2,explicit
7e25eadc_3,implicit
f94593d5_3,normal
f94593d5_5,normal
f94593d5_6,normal
f94593d5_7,normal
f94593d5_8,normal
d698c2fb_1,explicit
5a2150c8_1,normal
583d4a51_1,explicit
583d4a51_2,normal
55577bbe_1,normal
2bd360da_1,explicit
153e9325_1,explicit
94e1001c_1,normal
94e1001c_2,implicit
94e1001c_3,both
94e1001c_4,explicit
c3f2e0c7_1,explicit
17f9f6f8_1,normal
f0118573_1,normal
230b6f2d_1,explicit
230b6f2d_2,explicit
41a0d4e4_1,explicit
41a0d4e4_2,explicit
41a0d4e4_3,explicit
2f60b247_1,normal
3e9e62dd_1,normal
3e9e62dd_2,explicit
3e9e62dd_3,both
3e9e62dd_4,normal
3e9e62dd_5,normal
3e9e62dd_6,normal
3e9e62dd_7,normal
3e9e62dd_8,normal
ba775607_1,explicit
26f07069_1,normal
05869640_1,normal
0b81b2f7_1,normal
271fc3c5_1,normal
406bdfc3_1,both
a0ae41df_1,normal
a0ae41df_2,normal
fb5b2153_1,explicit
924636fd_1,normal
924636fd_2,normal
924636fd_3,normal
924636fd_4,normal
e145d477_1,normal
1dbe63c7_1,normal
1dbe63c7_2,explicit
1dbe63c7_3,explicit
1dbe63c7_4,normal
0ef8f0a6_1,explicit
e35f1e2d_1,both
0faa3c67_1,normal
7898eaf6_1,normal
01aa20ce_1,normal
01aa20ce_2,normal
01aa20ce_3,normal
01aa20ce_4,normal
5f1a5b49_1,explicit
aab3cc33_1,explicit
aab3cc33_2,both
aab3cc33_3,normal
aab3cc33_4,normal
aab3cc33_5,normal
250539d6_1,both
250539d6_2,normal
250539d6_3,normal
250539d6_4,normal
250539d6_5,normal
7dda7b3c_1,normal
7dda7b3c_2,normal
7dda7b3c_3,normal
866912a6_1,normal
f0e54217_1,normal
3a569b96_1,normal
e1be9c6e_1,normal
857ebc75_1,explicit
857ebc75_2,normal
857ebc75_3,both
42ac4650_1,both
bbb6068e_1,both
6d315e33_1,normal
6d315e33_2,normal
6d315e33_3,normal
0b5ad0e0_1,normal
8dfb4980_1,normal
62ce7eff_1,normal
62ce7eff_2,normal
62ce7eff_3,normal
a27d403d_1,both
ba141f60_1,implicit
47aeaed0_1,implicit
6cdc95c1_1,normal
9fd9ec80_1,both
acf696f4_1,normal
628db067_1,normal
628db067_2,normal
628db067_3,normal
628db067_4,normal
628db067_5,normal
177944ac_1,normal
54fa05e9_1,normal
ee933303_1,normal
3539b9ff_1,normal
86afb97e_2,normal
9fd4cf99_1,explicit
437e8a56_1,implicit
f196d052_1,normal
57beb79d_1,normal
57beb79d_2,normal
9a960b2b_1,explicit
f1588fd7_1,both
f1588fd7_2,normal
55b11a6d_1,normal
e4618563_1,explicit
3d832c07_1,normal
3d832c07_3,normal
a3c5a7b1_1,normal
971e2eee_1,implicit
2f523078_1,normal
acba5c02_1,normal
acba5c02_2,normal
acba5c02_3,normal
10885c88_1,normal
10885c88_2,both
10885c88_3,both
10885c88_4,both
10885c88_5,both
289e368c_1,normal
9ab4320a_1,explicit
3d14ab38_1,normal
cb15f455_1,normal
9fb266ff_1,normal
3e98a4fa_1,explicit
084d4e42_1,normal
3b721c76_1,normal
b75bf9ef_1,implicit
2a8c3a2e_1,normal
2a8c3a2e_2,normal
2a8c3a2e_3,normal
2a8c3a2e_4,normal
aca0efe6_1,normal
aca0efe6_2,explicit
aca0efe6_3,explicit
b639c34d_1,normal
b639c34d_2,normal
b639c34d_3,normal
e2ad03db_1,normal
9ed98cc3_1,normal
9ed98cc3_2,explicit
d4665558_1,normal
d2e29f2f_1,normal
d2e29f2f_2,normal
d2e29f2f_3,normal
a910c5df_1,normal
a910c5df_2,normal
de1a0f8e_1,normal
eefd6e2f_1,normal
52e22579_1,normal
52e22579_2,normal
52e22579_3,normal
52e22579_4,normal
52e22579_5,normal
52e22579_6,normal
52e22579_7,normal
52e22579_8,normal
52e22579_9,normal
b671b951_1,normal
0297acd8_1,explicit
2e8aa269_1,normal
2e8aa269_2,normal
2e8aa269_3,normal
2e8aa269_4,normal
2e81beb0_1,normal
2e81beb0_2,normal
2d50db65_1,normal
6dfab067_1,normal
6dfab067_2,normal
6b45c140_1,normal
6b45c140_2,normal
9675a4f4_1,normal
9675a4f4_2,normal
d00f3724_1,normal
2c6a0444_1,explicit
37d868e6_1,normal
469e7352_1,normal
6480efd5_1,explicit
1c999122_1,normal
c3762ae9_1,normal
e45e20a6_1,normal
2ba7711e_1,normal
d79c651d_1,normal
8c95531f_1,both
75d1a9d2_1,normal
c2c432eb_1,normal
70c67945_1,normal
32f262ce_1,normal
32f262ce_2,normal
32f262ce_3,normal
32f262ce_4,normal
32f262ce_5,normal
0ef04f02_1,explicit
e48eaa80_1,normal
e8002332_1,normal
e8002332_2,normal
e8002332_3,normal
c49c33c8_1,both
b304934d_1,normal
0dc59f9c_1,normal
0dc59f9c_2,normal
6d3d36d4_1,normal
6d3d36d4_2,normal
a57e720c_1,normal
a57e720c_2,normal
a57e720c_3,normal
b06b0f83_1,both
2808f80b_1,normal
2808f80b_2,normal
2808f80b_3,normal
2808f80b_4,normal
d0d9e10e_1,explicit
91b4e24d_1,implicit
17125b37_1,implicit
798792cf_1,normal
798792cf_2,normal
798792cf_3,normal
798792cf_4,normal
798792cf_5,explicit
3a91d3a9_1,normal
b4e0e853_1,normal
2160517b_1,normal
5e7a6c6c_2,explicit
e61f5c17_1,implicit
6ef67451_1,normal
14391c1c_1,normal
21b6bc05_1,both
7106f323_1,normal
604a364f_1,normal
6f8606cc_1,normal
f39d442d_1,normal
f39d442d_2,both
5c9288ea_1,explicit
5c9288ea_2,normal
faa85832_1,implicit
675fdd79_1,normal
675fdd79_2,normal
675fdd79_3,normal
922f09b6_1,implicit
9faf274c_1,normal
9faf274c_2,implicit
0b4d329d_1,normal
36d927d3_1,implicit
04aad583_1,normal
0b8ff2fc_1,explicit
bb50bfe3_1,normal
6075f4af_1,normal
6075f4af_2,normal
6075f4af_3,normal
6075f4af_4,normal
ad5b88de_1,both
ad48e4a5_1,implicit
5c716f22_1,normal
7970f46b_1,both
fb1ce4d4_1,both
0afe4dc3_1,normal
0afe4dc3_2,normal
cb7d9345_1,normal
94cc36c4_2,explicit
94cc36c4_3,normal
94cc36c4_4,explicit
37c81116_1,normal
37c81116_2,normal
37c81116_3,normal
37c81116_4,both
2a19796b_1,explicit
61b0337f_1,normal
61b0337f_2,explicit
8f193867_2,implicit
3dcb4434_1,normal
8704116a_1,normal
ee406891_1,normal
bbcb20b8_1,normal
69bb322c_1,explicit
3047fcf5_1,normal
93bf9912_1,explicit
3951bc26_1,normal
3951bc26_2,normal
3951bc26_3,normal
3951bc26_4,normal
31fa1ab4_1,normal
a328301c_1,explicit
cba76ca7_1,normal
9b4e1a90_1,normal
b034b8aa_1,normal
66f215f1_1,normal
73b7ab70_1,normal
73b7ab70_2,normal
73b7ab70_3,normal
df6a0d82_1,normal
df6a0d82_2,normal
df6a0d82_3,normal
45163ba0_1,normal
29f4048c_1,normal
f900270c_1,explicit
37795871_1,normal
2069fa98_1,normal
2069fa98_2,explicit
8b28a59f_1,normal
7e3e0c06_1,normal
fe735480_1,normal
427d8fde_1,both
6c400535_1,normal
a59f7b74_1,normal
a59f7b74_2,normal
bdac8001_1,normal
bdac8001_2,normal
43f1126e_1,normal
43f1126e_2,explicit
bffc9afb_1,explicit
bffc9afb_2,explicit
a5bdc7f7_1,explicit
d405dd68_1,both
5da599d1_1,normal
7a7f8c31_1,normal
4fbd78f2_1,normal
4fbd78f2_2,normal
4fbd78f2_3,normal
4fbd78f2_4,normal
8b42df21_1,normal
3d980c8c_1,normal
fecd39b9_1,explicit
bf755aa6_1,explicit
c611c58c_1,normal
915df42e_1,normal
17e5086d_1,both
97513493_1,implicit
f8648fd6_1,normal
335f6ad4_1,normal
8ddb5bca_1,explicit
00c26258_1,normal
b16bcb8f_1,normal
fb1665e4_1,normal
77253fe7_1,normal
7ce09fcd_1,normal
7ce09fcd_2,normal
876b02b9_1,normal
d5d068e6_1,normal
a3ffec98_1,both
5833aabe_1,normal
0008bb40_1,normal
d17af354_1,explicit
868b11b3_1,normal
868b11b3_2,normal
868b11b3_3,normal
868b11b3_4,normal
efe8059b_1,both
dd4b5a93_1,normal
ecc4beda_1,both
ecc4beda_2,both
e98bb2d2_1,normal
ff62178e_1,explicit
34a8898b_1,normal
1d5b80ba_1,both
c7f75db9_1,normal
2a07ecd4_1,explicit
f6304202_1,both
5975860d_1,normal
5975860d_2,implicit
5975860d_3,normal
81e52f40_1,normal
81e52f40_2,normal
81e52f40_3,normal
f4f31a7e_1,normal
f4f31a7e_2,both
1aadb604_1,normal
a2035cc2_1,normal
7217ce3a_1,normal
7217ce3a_2,normal
7217ce3a_3,normal
7217ce3a_4,normal
7217ce3a_5,normal
1e9491dd_1,explicit
7dbba88c_1,normal
7dbba88c_2,normal
7dbba88c_3,normal
7dbba88c_4,normal
fd5df870_1,implicit
fd5df870_2,explicit
b71cfeda_1,both
188237fb_1,normal
c80db243_1,normal
c1bb6417_1,normal
9006ac70_1,normal
a8f300a8_1,normal
93b3ed1e_1,normal
6dd271d5_1,both
f1e512bc_1,normal
e6a88ddc_1,normal
bf823409_1,normal
55d2ad7e_1,explicit
26155c4c_1,explicit
26155c4c_2,normal
26155c4c_3,explicit
26155c4c_4,both
e644e51d_1,normal
2e3c8a78_1,explicit
b707c3c1_1,both
ee949560_1,normal
0a236abd_1,normal
24e41b3a_1,explicit
df19284e_1,normal
267afd08_1,explicit
267afd08_2,explicit
267afd08_3,both
267afd08_4,both
98c0587e_1,explicit
5e6ff7d7_1,normal
0f580fbd_1,implicit
bd9573fe_1,normal
5390954a_1,normal
52474804_1,normal
797ba383_1,normal
8f549c7d_1,explicit
0fb9f1e7_1,normal
0fb9f1e7_2,normal
0fb9f1e7_3,normal
0fb9f1e7_4,normal
0fb9f1e7_5,normal
0fb9f1e7_7,normal
0fb9f1e7_8,normal
160f5faa_1,implicit
af08c0ec_1,normal
ef9bc524_1,normal
d335d9ed_1,normal
c40ae27f_1,normal
7d67e000_1,normal
585beffd_1,normal
585beffd_2,normal
585beffd_3,normal
20f88a44_1,both
0293b1c7_1,normal
111ba60a_1,normal
75821e2c_1,implicit
4ba38b4d_1,normal
15059083_1,normal
834f1040_1,normal
24e83801_1,both
97ec7406_1,normal
c2b33173_1,normal
c2b33173_2,both
6775ebd5_1,normal
6775ebd5_2,normal
6775ebd5_3,normal
fa7fc488_1,normal
9c27f726_2,explicit
b6d0c0cd_1,normal
b6d0c0cd_2,normal
a00a55ec_1,normal
a00a55ec_2,both
a00a55ec_3,normal
a00a55ec_4,normal
a00a55ec_5,explicit
a00a55ec_6,normal
a00a55ec_7,normal
a00a55ec_8,normal
a00a55ec_9,normal
a00a55ec_10,normal
31118fe6_1,normal
7469f8fb_1,normal
0ee0a5cc_1,normal
b89b6d22_1,normal
b89b6d22_2,both
c36c2e7b_1,implicit
1390761e_1,normal
d23d240b_1,normal
934dc931_1,both
651ff54e_1,normal
53116536_1,explicit
991e4456_1,normal
128559f8_1,implicit
128559f8_2,both
128559f8_3,explicit
128559f8_4,explicit
3c652de0_1,normal
ff74d6d0_1,implicit
895a06cf_1,explicit
895a06cf_2,normal
ca8a8438_1,normal
3b54a9a0_1,normal
b06a280b_1,explicit
b06a280b_2,normal
0cff09ab_1,both
ace69840_1,normal
bc42a383_1,normal
98efcc52_1,normal
eb80d4a4_1,explicit
9cd34927_1,explicit
9cd34927_2,normal
9476bfa5_1,normal
4c06ca33_1,explicit
a410edfe_1,explicit
9b5094a7_1,normal
773a2e6c_1,both
1706a139_1,normal
fe1b59c7_1,both
fe1b59c7_2,normal
f5efdc75_1,normal
0f52964a_1,both
d2ec9ddd_1,normal
d2ec9ddd_2,explicit
d2ec9ddd_3,explicit
d2ec9ddd_4,normal
032ab9b2_1,normal
338abf6b_1,normal
338abf6b_2,normal
338abf6b_3,normal
5160f54c_1,normal
91425827_1,explicit
9aac3a42_1,explicit
03c32055_1,normal
7f5a93e4_1,implicit
7f5a93e4_2,explicit
1577b0ef_1,normal
1577b0ef_2,explicit
1577b0ef_3,normal
1577b0ef_4,explicit
d60bc5d3_1,normal
3e470920_1,both
f8b51bc4_1,explicit
1fb63f06_1,both
f4f13fce_1,normal
00e3ad4d_1,explicit
4ff4a10e_1,both
9fef9546_1,explicit
e37bb679_1,both
89363e60_2,normal
da11745c_1,both
e4135c1c_1,normal
b85c8822_1,explicit
150f12a2_1,explicit
fd3334f9_1,normal
4acc8bd3_1,normal
06fc37a9_1,normal
2a5893f9_1,normal
7935534e_1,normal
633e0f04_1,explicit
633e0f04_2,explicit
633e0f04_3,explicit
633e0f04_4,normal
633e0f04_5,normal
633e0f04_6,explicit
c9bd4a69_1,explicit
c9bd4a69_2,normal
ee9f20fa_1,normal
6ed1f4b6_1,normal
6ed1f4b6_2,both
9e698be7_1,normal
9e698be7_2,explicit
af714deb_1,normal
af714deb_2,normal
af714deb_3,normal
c03db4ca_1,normal
c03db4ca_2,normal
0a6231e9_1,normal
23d43d36_1,normal
807d3d40_1,explicit
44f5afec_1,normal
44f5afec_2,normal
6724064e_1,normal
6724064e_2,normal
6724064e_3,normal
0e05e196_1,normal
0e05e196_2,explicit
0e05e196_6,explicit
30a407d6_1,normal
30a407d6_2,normal
527ec14b_1,explicit
f2d4ad7b_1,explicit
cd4d7f93_1,normal
4bca0d42_1,normal
f064d840_1,both
f064d840_2,explicit
f064d840_3,normal
f064d840_4,normal
f064d840_5,normal
f1409b6d_1,normal
5805dfd6_1,normal
5805dfd6_2,explicit
5805dfd6_3,both
5805dfd6_4,implicit
f4857174_1,normal
bbe446fe_1,explicit
60cf4e10_1,explicit
c9c64df2_1,normal
c9c64df2_2,normal
c9c64df2_3,normal
d94aed0a_1,explicit
7454ac5f_1,both
7454ac5f_2,normal
725139f5_1,normal
d7b828a3_1,explicit
e0cd0024_1,normal
c05829f6_1,normal
59768414_1,explicit
6c9177da_1,implicit
6c9177da_2,implicit
b34d2205_1,normal
b34d2205_2,normal
e174afad_1,both
d40de6bd_1,normal
7099ea67_1,both
dab9ca26_1,normal
8edd0ebc_1,normal
b89bc683_1,normal
88d0b4fc_1,normal
153b61f3_1,normal
153b61f3_2,normal
153b61f3_3,normal
565a6cc9_1,explicit
8ba77ebc_1,both
8fb27eb1_1,normal
a9f29b24_1,normal
a9f29b24_2,normal
5252b18a_1,normal
be27b3da_1,both
86e2e2c4_1,explicit
8a6b7f64_1,both
4aef9ab8_1,both
88a6e7a4_1,normal
88a6e7a4_2,normal
eaa9206c_1,normal
eaa9206c_2,explicit
8f005d71_1,normal
e2650090_1,normal
f83cd0ff_1,normal
3775eb67_1,normal
ed981dcd_1,normal
ed981dcd_2,explicit
ed981dcd_3,explicit
23291a02_1,normal
296b56aa_1,normal
86fa4d3d_1,both
47f477fc_1,both
0dd6442f_1,normal
ccbed7dd_1,both
9c3666c3_1,normal
9c3666c3_2,normal
9c3666c3_3,normal
2d635c72_1,normal
15704dee_1,normal
8820d6e0_1,normal
8820d6e0_2,normal
80a4e83e_1,both
8287e866_1,both
2ebb3a7d_1,implicit
6e630176_1,normal
32a35775_1,normal
7f070d1d_1,implicit
d925f959_1,normal
4f7c3977_1,implicit
4f7c3977_2,normal
f7855fb8_1,normal
f7855fb8_2,normal
f7855fb8_3,normal
f7855fb8_4,implicit
ade360a5_1,normal
509fdb85_1,implicit
d26dfd6e_1,normal
5c511d3b_1,normal
5618e736_1,implicit
9ecc092c_1,normal
e7f4a0b6_1,explicit
6b3ff660_1,normal
ee833eb4_1,normal
8256c18f_1,explicit
78d643db_1,normal
78d643db_2,both
51f8426c_1,normal
d6f61a31_1,both
70d4aedf_1,normal
c775f191_1,normal
356dfefd_1,both
92cc2d8d_1,normal
beec3c36_1,both
beec3c36_2,explicit
8af7e4b1_1,normal
79e36f30_1,normal
cf6146f1_1,normal
cf6146f1_2,normal
6fe16d7e_1,both
719dc302_1,normal
67f5b56d_1,explicit
e080668e_1,normal
b25c3f8e_1,both
256cab4d_1,normal
a027a4aa_1,explicit
2db26f75_1,explicit
42c36bcc_1,normal
2ad464ea_1,normal
4c28896d_1,explicit
05e66d17_1,explicit
48be77fc_1,normal
c5c31851_1,normal
a97c9383_1,normal
12349d44_1,normal
12349d44_2,normal
12349d44_3,implicit
12349d44_4,normal
95dda921_1,both
3d3d1531_1,both
ab931528_1,explicit
ab931528_2,explicit
70315b1a_1,normal
54b7ecc3_1,explicit
459a27de_1,normal
75262465_1,normal
5bc3b6cc_1,normal
5bc3b6cc_2,normal
63da7369_1,normal
7307583b_1,normal
7307583b_2,explicit
7307583b_3,implicit
7307583b_4,normal
695a0703_1,normal
8fdfbc4d_1,normal
f50aa715_1,explicit
0c2297f7_1,explicit
0c2297f7_2,explicit
0c2297f7_3,explicit
0c2297f7_4,explicit
44a980ce_1,normal
6dda0393_1,explicit
66c08071_1,normal
c7c07da1_1,normal
55c75157_1,explicit
c541544e_1,normal
22d33744_1,normal
2bc3123d_1,normal
2bc3123d_2,both
7f0a0b63_1,normal
fea7156c_1,normal
4a3f1272_1,normal
4a3f1272_2,normal
4a3f1272_3,normal
4a3f1272_4,normal
4a3f1272_5,normal
4a3f1272_6,normal
9d40e550_1,normal
c3cba9f3_1,normal
76363ef9_1,normal
76363ef9_2,normal
0edabc2d_1,implicit
0edabc2d_2,normal
41dcf014_1,explicit
2719d746_1,both
101785aa_1,normal
815f7750_1,normal
89d65a88_1,explicit
dbfc2347_1,both
f0ac9b37_1,normal
8a3c8122_1,explicit
abe78c4c_1,normal
2f96e6d9_1,explicit
2f96e6d9_2,explicit
3c8adba4_1,explicit
13553cb0_1,explicit
12182230_1,normal
12182230_2,normal
f59626c5_1,explicit
99c52455_1,normal
13a4f2da_1,normal
13a4f2da_2,explicit
13a4f2da_3,normal
9e99b0fa_1,normal
f9abc20c_1,normal
31484583_1,normal
2750003a_1,explicit
2750003a_2,normal
1214eb2e_1,normal
b5c2af28_1,normal
b5c2af28_2,normal
948c9dd7_1,normal
948c9dd7_2,normal
948c9dd7_3,normal
948c9dd7_4,normal
d63f44bc_1,normal
87f51439_1,explicit
87f51439_2,normal
87f51439_3,explicit
87f51439_4,normal
4e1e6528_1,explicit
4e1e6528_2,explicit
4e1e6528_3,normal
32af33ba_1,normal
32af33ba_2,explicit
f8bb9e40_1,normal
9f3b0d20_1,normal
4ebbf656_1,normal
4ebbf656_2,normal
fdfa70bd_1,explicit
ac6ccefb_1,implicit
ac6ccefb_2,normal
ac6ccefb_3,normal
ac6ccefb_4,normal
8ab4ecc2_1,both
8ab4ecc2_2,explicit
8ab4ecc2_3,explicit
b079d8f5_1,both
f635fb7f_1,normal
9de5dec3_1,normal
2b962c7f_2,normal
2b962c7f_4,normal
2b962c7f_6,explicit
4c2106a4_1,explicit
2cc530af_1,explicit
2cc530af_2,explicit
2cc530af_3,normal
2cc530af_4,normal
2cc530af_5,normal
2cc530af_6,explicit
2cc530af_7,normal
e8c0510f_1,normal
e3a8ec33_1,implicit
e3a8ec33_2,normal
e3a8ec33_3,normal
94691010_1,normal
6f57c6a3_1,normal
97a5620d_1,both
ceb06c8d_1,normal
ceb06c8d_2,normal
ceb06c8d_3,normal
ceb06c8d_4,normal
ceb06c8d_5,normal
ceb06c8d_6,normal
ceb06c8d_7,normal
38eda316_1,normal
a63322a3_1,normal
a63322a3_2,explicit
bfba5688_1,both
b9ea9ccb_1,normal
68d9b988_1,explicit
68d9b988_2,explicit
68d9b988_3,explicit
68d9b988_4,normal
1f7a6348_1,explicit
79c05bca_1,normal
f2558ae5_1,normal
be883d3b_1,normal
f23c751c_1,both
682d56b2_1,normal
2c7657e6_1,explicit
28683adc_1,implicit
fe23eab2_1,normal
6beae869_1,normal
6beae869_2,normal
6beae869_3,normal
2d88bedb_1,both
56cdc6cf_1,both
791ab2a7_1,normal
791ab2a7_2,normal
791ab2a7_3,explicit
de69cda9_1,explicit
4c771daf_1,normal
e3f818a4_1,normal
ec5bc592_1,normal
9841964f_1,normal
e078a58f_1,implicit
c506e5ac_1,normal
c506e5ac_2,normal
c506e5ac_3,normal
c506e5ac_4,both
7af7d864_1,both
1372b1e4_1,explicit
8bc7ec33_1,normal
f89f8e7f_1,explicit
f89f8e7f_2,normal
3a4fb26e_1,normal
094f3360_1,explicit
6c52a26c_1,both
6c52a26c_2,both
5952cd20_1,normal
5952cd20_2,implicit
ac6c2afb_1,normal
ac6c2afb_2,explicit
c6a46b49_1,explicit
d80179ea_1,explicit
7398087a_1,explicit
aa00d81b_1,explicit
cf0ce06c_1,normal
cf0ce06c_2,explicit
cf0ce06c_3,explicit
cf0ce06c_4,explicit
cf0ce06c_5,explicit
cf0ce06c_6,normal
91bc1be7_1,explicit
91bc1be7_2,explicit
fc69e5c7_1,normal
f76fcd43_1,normal
413fbd86_1,explicit
1d7a12bf_1,normal
1d7a12bf_2,normal
1d7a12bf_3,normal
1d7a12bf_4,normal
57f4e675_1,both
4a344db4_1,normal
038d53a4_1,normal
f29189be_1,both
f29189be_2,normal
11ba20f1_1,normal
ef3da3b8_1,normal
46904e4a_1,implicit
5c8ee46b_1,both
5c8ee46b_2,normal
5c8ee46b_3,explicit
5c8ee46b_4,normal
5c8ee46b_5,normal
676bd269_1,explicit
1b40b497_1,normal
1b40b497_2,normal
1b40b497_3,both
1b40b497_4,both
f3ce196c_1,both
e028878e_1,normal
e028878e_2,explicit
e028878e_3,normal
e028878e_4,explicit
8d16fb1d_1,explicit
f2c0c590_1,normal
d47f7356_1,normal
d47f7356_2,normal
d47f7356_3,normal
fe4d45d1_1,both
c511ff3d_1,normal
d60dfac9_1,explicit
3af3b640_1,normal
3af3b640_2,normal
3af3b640_3,normal
54f0ef18_1,normal
7149c8f6_1,implicit
053455ef_1,normal
053455ef_2,both
053455ef_3,explicit
42b6c0cd_1,normal
b15108fa_1,normal
4a5f5e65_1,normal
6afe75d4_1,both
85bdc445_1,normal
7038ded5_1,both
f3e26a9e_1,normal
a7c1e157_1,normal
b5a97d24_1,normal
fbe19bec_1,normal
376169ca_1,explicit
376169ca_2,normal
69f49729_1,explicit
69f49729_2,normal
721eeeae_1,normal
0bb0d2b3_1,normal
0bb0d2b3_2,normal
0bb0d2b3_3,normal
7a36f7c6_1,both
5082af24_1,normal
5263144a_1,explicit
f02e5c97_1,normal
f02e5c97_2,normal
044dc245_1,normal
999328ee_1,normal
999328ee_2,normal
ba7b7a3d_1,normal
d0df5e40_1,both
7b373ccd_1,normal
7b373ccd_2,normal
30b87d22_1,both
b332a015_1,normal
b332a015_2,normal
b332a015_3,normal
b332a015_4,normal
96ae4d8f_1,normal
96ae4d8f_2,normal
96ae4d8f_3,normal
96ae4d8f_4,normal
681c0b2e_1,normal
d27ccdd8_1,normal
6256c75b_1,normal
6256c75b_2,explicit
6256c75b_3,explicit
6256c75b_4,explicit
a40e98fa_1,explicit
a288d9fc_1,explicit
a288d9fc_2,normal
a288d9fc_3,implicit
e031e003_1,normal
3abca736_2,explicit
3abca736_3,normal
9173a4b2_1,normal
bb06ceee_1,implicit
59e2bc83_1,normal
48bd1897_1,normal
48bd1897_2,explicit
98783bae_1,normal
98783bae_2,normal
98783bae_3,normal
fd1d622f_1,normal
fd1d622f_2,normal
0a03a6e7_1,normal
ea20d5cc_1,both
a86431a0_1,implicit
fb45f6c4_1,normal
d4c91875_1,normal
6a0b0a45_1,normal
d38f6c7d_1,normal
2df172c2_1,explicit
0c951ac8_1,normal
7df6ed87_1,normal
256dbfa4_1,normal
256dbfa4_2,normal
256dbfa4_3,normal
c3fb01e4_1,normal
e1046597_1,normal
e1046597_2,normal
e1046597_3,normal
85577a2a_1,explicit
860ffd0a_1,normal
860ffd0a_2,explicit
860ffd0a_3,explicit
860ffd0a_4,normal
2b648910_1,normal
2b648910_2,normal
979c23eb_1,explicit
c7e1bae9_2,normal
c7e1bae9_4,normal
be8593ac_1,explicit
8f172523_1,normal
11c3b0f9_1,normal
6930f5a0_1,implicit
6930f5a0_2,implicit
d3f27163_1,both
c653df19_1,normal
62db58ec_1,explicit
62db58ec_2,explicit
ddf09324_1,normal
71869a2a_1,normal
0e6f434a_1,explicit
891eb23f_1,normal
9b68ed72_1,normal
9b68ed72_2,both
9b68ed72_3,both
74bad149_1,normal
abd6ffdb_1,normal
abd6ffdb_2,normal
a6d974e5_1,explicit
a6d974e5_2,normal
a6d974e5_3,explicit
1dda013e_1,normal
f620e5c4_1,normal
63d062ee_1,normal
59074637_1,normal
f4de8c65_1,explicit
b5197d7e_1,implicit
f5f82243_1,both
d5c7bb21_1,normal
0d997a42_1,both
6a6c2ad3_1,normal
0eff7fde_1,explicit
0eff7fde_2,normal
39376f9b_1,explicit
aade7fe0_1,both
aade7fe0_2,both
d19d0b24_1,explicit
f889fc42_1,normal
7b48b594_1,normal
7b48b594_2,explicit
e212d482_1,both
e212d482_3,normal
8130a02e_1,normal
3bae7fe6_2,explicit
6000f212_1,implicit
d509c91c_1,normal
78ddda6b_1,normal
4d919761_1,normal
9b11e070_1,both
9b11e070_2,normal
48e5d742_1,normal
bb57c135_1,implicit
ab4e61d6_1,implicit
e0aa60f1_1,normal
bd494134_1,normal
b61b4259_1,explicit
b61b4259_2,normal
e7312c6b_1,normal
5b282821_1,normal
534c4790_1,normal
534c4790_2,normal
534c4790_3,normal
589a24ef_1,explicit
5c4c5330_1,both
5c4c5330_2,both
5c4c5330_3,both
6dcbe803_1,explicit
9ffbe1ea_1,normal
7d3d98d5_1,normal
7d3d98d5_2,explicit
7d3d98d5_3,normal
e32a78f6_1,normal
d964e89f_1,normal
8d929c07_1,explicit
8d929c07_2,explicit
8e948731_1,normal
78d6d075_1,explicit
78d6d075_2,both
78d6d075_3,explicit
78d6d075_4,explicit
66794bba_1,implicit
b7401386_1,explicit
74fa7079_1,normal
df74038a_1,normal
f2526792_1,both
1c579428_1,normal
1c579428_2,normal
5cf59373_1,normal
5cf59373_2,normal
68497971_1,explicit
68497971_2,both
68497971_3,normal
68497971_4,normal
68497971_5,normal
68497971_6,normal
d474eb2d_1,implicit
d474eb2d_2,normal
d474eb2d_3,normal
8c09b454_1,explicit
8c09b454_2,explicit
2d114d36_1,normal
8322d2df_1,normal
d0d901f0_1,normal
1cc4cdef_1,both
00121678_1,normal
64524644_1,explicit
64524644_2,explicit
6357251e_1,normal
d99de505_1,normal
d99de505_2,explicit
d99de505_3,explicit
d99de505_4,both
d99de505_5,explicit
d99de505_6,explicit
d6cd1587_1,normal
12014aa6_1,explicit
bc092645_1,normal
4ff7cf4d_1,normal
623f9868_1,implicit
623f9868_2,normal
623f9868_3,normal
764cb990_1,explicit
764cb990_2,normal
04d79c82_1,implicit
fb91b858_1,normal
11daa209_1,normal
d1df4f69_1,normal
27612c9b_1,both
27612c9b_2,normal
27612c9b_3,normal
67f3b351_1,normal
91c0103f_1,normal
d4deac60_1,normal
9735607d_1,implicit
efe944e2_1,explicit
d4cf14e2_1,normal
2ac4cb7a_1,normal
2c2c6953_1,explicit
2c2c6953_2,both
2c2c6953_3,explicit
2c2c6953_4,explicit
2c2c6953_5,normal
2c2c6953_6,normal
2c2c6953_7,explicit
a58e6b56_1,normal
2ff9e6cf_1,normal
90826fde_1,explicit
d69275d7_1,normal
2212ec97_1,normal
a39a084c_1,explicit
a39a084c_2,normal
54e17766_1,explicit
54e17766_2,normal
54e17766_3,normal
5c8cfa6c_1,explicit
5c8cfa6c_2,explicit
5d532c97_1,both
5d532c97_2,normal
5d532c97_3,explicit
5d532c97_4,normal
7d222ab5_1,explicit
fbaed5ed_1,normal
d845bfd4_1,normal
d845bfd4_2,normal
d845bfd4_3,explicit
07b2ce02_1,normal
07b2ce02_3,explicit
6a39fc7a_1,normal
caf7744d_1,normal
5900f273_1,normal
9f7ed1b8_1,normal
04fb042e_1,normal
04fb042e_2,explicit
b4be8ee3_1,normal
36514a19_1,normal
65ab08a6_1,normal
baa81574_1,normal
6f7c80b4_1,normal
798337e1_1,normal
58f08292_1,explicit
4c1e5a97_1,normal
6654115e_1,both
6654115e_2,normal
791a5332_1,normal
ac3c70e0_1,normal
be41e48b_1,both
86e5b7e1_1,explicit
86e5b7e1_2,normal
86e5b7e1_3,explicit
a1015113_1,normal
fac417ea_1,normal
00d2c02d_1,normal
89ce14aa_1,normal
b259aa63_1,normal
c6543581_1,normal
76c8f087_1,normal
76c8f087_2,normal
35cd78d8_1,normal
35cd78d8_2,normal
35cd78d8_3,normal
bbf28535_1,normal
bbf28535_2,normal
bbf28535_3,explicit
bbf28535_4,normal
25d4efb9_1,implicit
f40a8a68_1,normal
f40a8a68_2,normal
f40a8a68_3,normal
93f6d24f_1,both
a38fcf7a_1,explicit
dbe7e888_1,normal
bd61e3f9_1,normal
6b0e63d7_1,explicit
44e1da95_1,explicit
58c9a202_1,normal
0c78d2b1_1,explicit
0c78d2b1_2,normal
eda5171d_1,both
29c64ba5_1,normal
eb96f1dc_1,implicit
8722339d_1,normal
efe2355b_1,normal
83b15589_1,normal
20662020_1,explicit
20662020_2,normal
20662020_3,normal
6588451d_1,both
096087c7_1,normal
096087c7_2,normal
2c7b4d2e_1,normal
2c7b4d2e_2,explicit
65de8201_1,normal
65de8201_2,explicit
65de8201_3,normal
e61f9b79_1,normal
0de41954_1,normal
636f43aa_1,explicit
f64a7472_1,normal
3d849cb4_1,normal
6a3f3b55_1,normal
623f172e_1,normal
2e73b388_1,both
b96dde91_1,normal
b96dde91_2,explicit
b96dde91_3,explicit
186bba3c_1,normal
10ef04ee_1,normal
83761ad5_1,explicit
83761ad5_2,normal
8bb348ff_1,explicit
b76a8c4b_1,implicit
9a60030d_1,normal
f8201c0c_1,normal
29af2c78_1,both
29af2c78_2,normal
32fe6ea2_1,explicit
d1ffa766_1,explicit
b5d08025_1,normal
051b19fa_1,normal
051b19fa_2,normal
dd0fd43d_1,both
810caed7_1,implicit
e1991747_1,explicit
e75d09a1_1,explicit
e75d09a1_2,both
e75d09a1_3,normal
758d6f5e_1,implicit
758d6f5e_2,implicit
6e657b87_1,normal
6e657b87_2,normal
6e657b87_3,implicit
8287f353_2,normal
8287f353_3,normal
ae0d6c5a_1,explicit
b7a1a317_1,normal
e718121c_1,explicit
7e21eca5_1,explicit
7602a266_1,normal
cf8e4a98_1,normal
0c161fb9_1,both
4cf8a980_1,normal
2d31a5da_1,normal
b7795863_1,both
d5c95073_1,normal
c35e9ba6_1,normal
63788ea8_1,explicit
86605ee5_1,normal
79afe10f_1,both
77fdd5d8_1,normal
77fdd5d8_2,normal
af3d7669_1,both
af3d7669_2,normal
cb18a10c_1,both
cb18a10c_2,both
cb18a10c_3,normal
0e096627_1,explicit
02592fe7_1,normal
c0bd1c74_1,normal
33038a43_1,explicit
f41ce0b1_1,explicit
745b3c40_1,both
9724ea72_1,implicit
4d2275ab_1,explicit
9fb0324b_1,normal
7f1a8c5c_1,both
23dfab4e_1,normal
2b8859fb_1,normal
03709ba4_1,normal
03709ba4_2,normal
03709ba4_3,explicit
84327a09_1,explicit
84327a09_2,normal
c9684293_1,normal
c49c692d_1,both
c49c692d_2,both
a51b28ba_1,normal
3c53f6a1_1,normal
c44896e4_1,explicit
658aa112_1,implicit
87df9291_1,normal
b6de183d_1,normal
bc2638bf_1,explicit
8aa9cc84_1,normal
4ce9eca6_1,normal
9dbfc53d_1,normal
d50360ff_1,normal
d3036eb9_1,normal
dda3df47_1,normal
dda3df47_2,normal
b4287d9e_1,normal
abb59b59_1,normal
69bc614b_1,normal
6ffc34ea_1,normal
3bac0942_1,normal
b49a0781_1,normal
97eb3017_1,implicit
6be2433a_1,normal
86e79c4e_1,implicit
86e79c4e_2,both
86e79c4e_3,normal
86e79c4e_4,normal
b8226704_1,both
d0c9da6c_1,normal
9f1c593f_1,normal
29b7a962_1,both
29b7a962_2,explicit
47c07a43_1,normal
47c07a43_2,normal
072924d6_1,normal
072924d6_2,both
072924d6_3,both
a9be93d4_1,explicit
4c46e793_1,normal
708935ab_1,normal
708935ab_2,normal
225d5315_1,normal
4584b199_1,normal
6126e650_1,normal
7278664c_1,both
9e345932_1,normal
9e345932_2,normal
142c16f1_1,normal
142c16f1_2,normal
9c4e1ae3_1,implicit
9c4e1ae3_2,implicit
f7e1bc3c_1,explicit
37ee6cf7_1,normal
92587569_1,normal
92587569_2,explicit
04c1847b_1,both
bbfe7004_1,normal
bbfe7004_2,normal
bbfe7004_3,explicit
61505634_1,explicit
63224833_1,normal
0694fc2b_1,normal
0694fc2b_2,explicit
64ec531b_1,normal
64ec531b_2,normal
64ec531b_3,implicit
64ec531b_4,normal
e7de23dd_1,normal
e6495662_1,normal
e6495662_2,both
b475a10d_1,normal
1965e575_1,normal
a3bd2ef3_1,normal
2b085c9c_1,explicit
3e5f0ddc_1,normal
3e5f0ddc_2,normal
3e5f0ddc_3,normal
5504e087_1,normal
b0f983d8_1,explicit
b0f983d8_2,explicit
b0f983d8_3,normal
73bd7615_1,normal
b1c2f205_1,implicit
7288ec95_1,both
d480d54f_1,explicit
a65d692d_1,explicit
bb8decf7_1,implicit
9eed3608_1,explicit
848ab5f6_1,normal
03cbba8b_1,explicit
1f38b517_1,normal
92d779f2_1,explicit
92d779f2_2,normal
a96ad703_1,both
9f5aa8ea_1,explicit
4b9d54ce_1,normal
c99a07f5_1,explicit
3835b904_1,normal
58683739_1,implicit
a2e34fa5_1,normal
b3073b5b_1,both
57d1cd20_1,normal
20b35fe8_1,implicit
cbdfb1ad_1,normal
cbdfb1ad_2,normal
cbdfb1ad_3,normal
cbdfb1ad_4,normal
cbdfb1ad_5,explicit
993bf0f6_1,implicit
132d1641_1,normal
c173818c_1,normal
c173818c_2,implicit
16455178_1,normal
d4f04ce1_1,normal
d4f04ce1_2,normal
d4f04ce1_3,both
012b4f7e_1,explicit
012b4f7e_2,both
012b4f7e_3,both
94f00f88_1,implicit
94f00f88_2,implicit
51fee873_1,normal
6068bebc_1,normal
6068bebc_2,normal
26e20b6b_1,normal
b1ba8e90_1,explicit
b1ba8e90_2,explicit
b1ba8e90_3,both
b1ba8e90_4,both
b1ba8e90_5,normal
b1ba8e90_6,explicit
205eff6f_1,normal
b3029257_1,normal
891d928e_1,normal
891d928e_2,normal
891d928e_3,normal
891d928e_4,normal
6f701bc6_1,normal
06de30b1_1,explicit
574f25f9_1,normal
87a5a1a7_1,normal
64fd64bd_1,normal
65a5a89a_1,normal
cfcb2fad_1,normal
44a0857e_1,implicit
6904c615_1,normal
6904c615_2,normal
d362508f_1,normal
3958b104_1,explicit
51b5d2f1_1,normal
a1f31cfd_1,normal
a1f31cfd_2,normal
92ba01f3_1,both
bbcdc394_1,normal
e8c04fde_1,explicit
a517ff4f_1,normal
69d03291_1,both
857b5718_1,normal
af9e0d0b_1,normal
cbbf377f_1,normal
43f79a9b_1,normal
3eebdd8c_1,normal
9107b1bb_1,both
5e6ff362_1,explicit
08496a34_1,both
fe339b8d_1,normal
22cd53ab_1,normal
ed7e7130_1,normal
ed7e7130_2,both
4e7a161d_1,normal
45bf8ecd_1,explicit
fba58612_1,normal
0713328c_1,implicit
88b6b552_1,both
4a6614d2_1,normal
4a6614d2_2,normal
0eda2ade_1,explicit
bf065604_1,normal
11d93492_1,normal
b5260bed_1,normal
1c905763_1,explicit
1c905763_2,both
1c905763_3,implicit
1c905763_4,implicit
1c905763_5,normal
41504404_1,normal
bb4b3d15_1,explicit
db414953_1,explicit
db414953_2,normal
db414953_3,implicit
db414953_4,both
01c0d61b_1,normal
eb8f7b07_1,normal
2c4b8c32_1,explicit
d8ee7000_1,normal
c5a61410_1,normal
c5a61410_2,normal
103a850f_1,normal
103a850f_2,normal
103a850f_3,normal
c95e84b3_1,both
c95e84b3_2,both
b6f3eb18_1,normal
793e5cdc_1,implicit
f824bd5d_1,implicit
175f7944_1,normal
7c11bdd1_2,normal
7c11bdd1_3,both
7c11bdd1_4,normal
7c11bdd1_5,explicit
2e11eb25_1,explicit
2e11eb25_2,normal
2e11eb25_3,implicit
2e11eb25_4,explicit
1100ffdb_1,explicit
1100ffdb_2,normal
1100ffdb_3,both
8407a471_1,normal
3b463fef_1,normal
bb958e6c_1,explicit
bb958e6c_2,normal
bb958e6c_3,normal
41511a14_1,explicit
3a00ab24_1,normal
3a00ab24_2,normal
3a00ab24_3,normal
3a00ab24_4,explicit
c76eb105_1,normal
049e1276_1,normal
281e9ab0_1,normal
48e2085f_1,explicit
772555a3_1,explicit
3707483d_1,normal
0b1c139e_1,normal
0f46228a_1,both
46fe1655_1,explicit
64cfd0fc_1,explicit
3c37102d_1,both
c9fdda3e_1,explicit
e556cf7b_1,implicit
b91d024e_1,normal
020a3459_1,normal
96470d20_1,explicit
46404c11_1,normal
b20851ed_1,normal
67a43bf7_1,normal
ae241672_1,both
ae241672_2,normal
d79c98a4_1,both
feed500b_1,normal
ad0951fd_1,normal
213e93a6_1,implicit
00510b80_1,normal
00510b80_2,normal
00510b80_3,explicit
00510b80_4,normal
887b8a6a_1,normal
c7625c73_1,normal
c7625c73_2,normal
6b30fe68_1,normal
2f621411_1,normal
0f015fff_1,normal
24c19fa7_1,normal
57444d89_1,normal
57444d89_2,both
57444d89_3,both
3cd08ff9_1,explicit
3cd08ff9_2,explicit
3cd08ff9_3,normal
3cd08ff9_4,normal
3cd08ff9_5,normal
3cd08ff9_6,normal
4a66148e_2,normal
4a66148e_3,explicit
4a66148e_4,normal
15860b74_1,normal
c1c7076b_1,explicit
0819bfa3_1,normal
0819bfa3_2,normal
1d8d0a40_1,explicit
1d8d0a40_2,explicit
1d8d0a40_3,explicit
1d8d0a40_4,explicit
a41bf5ce_1,normal
f70b97d4_1,explicit
f70b97d4_2,normal
2057bada_1,explicit
2057bada_2,explicit
2057bada_3,explicit
d6301b31_1,normal
d8fcd776_1,both
20f2eade_1,normal
a71edecb_1,normal
a71edecb_2,explicit
a71edecb_3,explicit
a71edecb_4,normal
a71edecb_5,both
a71edecb_7,both
7db9da04_1,normal
7db9da04_2,normal
18c30f2e_1,normal
18c30f2e_2,normal
48337c0b_1,normal
dfa3c4e5_1,normal
dfa3c4e5_2,normal
c5e11244_1,implicit
d4fd9cb1_1,normal
f3366e2a_1,normal
1fac46ff_1,normal
bfb2a9c8_1,both
7cbbeb39_1,normal
7cbbeb39_2,both
7cbbeb39_3,both
7cbbeb39_4,normal
7cbbeb39_5,both
bc06828b_1,explicit
48249657_1,explicit
8bff4005_1,both
3c762162_1,normal
e0503490_1,normal
e0503490_2,normal
e0503490_3,normal
9f253ba0_1,normal
407dd64e_1,normal
3c9803bb_1,normal
e262ffb3_1,implicit
694586a7_1,normal
4fc0f927_1,both
e37ae9ce_1,normal
a95fc4ec_1,normal
55b05c39_1,normal
ba1d2fb9_1,explicit
ba1d2fb9_2,explicit
ba1d2fb9_3,explicit
ba1d2fb9_4,both
ba1d2fb9_5,normal
579195d7_1,normal
6fd9d345_1,normal
a576479a_1,normal
391873f5_1,normal
391873f5_2,normal
391873f5_3,normal
391873f5_4,implicit
52166f8a_1,normal
90e67d3e_1,both
213684cb_1,explicit
6bc52dae_1,both
9e086cec_1,normal
cfdb18b5_1,normal
cfdb18b5_2,normal
cfdb18b5_3,normal
7922a95d_1,implicit
64b5f8f3_1,explicit
5def3248_1,normal
a9a1c6ef_1,normal
157c533d_1,normal
9e13243f_1,normal
c6afa592_1,normal
bfeb1a8c_1,normal
5752d064_1,normal
b1d141d6_1,normal
199f4592_1,normal
86ba2b8d_1,both
86ba2b8d_2,normal
bc991894_1,normal
bc991894_2,explicit
3741b682_1,explicit
b834b293_1,normal
f800ee5b_1,normal
75baa09e_1,normal
75baa09e_2,normal
4a9bc4b5_1,explicit
60d7f7f0_1,normal
fce9ceec_1,explicit
8d11ab0c_1,normal
73d9e1b3_1,normal
ab46249b_1,normal
fb47f1fe_1,normal
18e4fd98_1,normal
7c02d138_1,normal
61664ebe_1,normal
d44bbcfe_1,both
7a7a3281_1,normal
c610479e_1,both
ea68a11f_1,normal
ea68a11f_2,normal
ea68a11f_3,normal
ea68a11f_4,normal
ea68a11f_5,normal
6a362d43_1,normal
ab565b33_1,both
0700c1db_1,normal
c2dac879_1,explicit
c2dac879_3,explicit
39858603_1,both
9370515e_1,explicit
bd0fe84e_1,normal
dee6a51f_1,normal
1664b6e9_1,both
e8bd0b3f_1,both
cf46e0e0_1,explicit
cf46e0e0_2,normal
625b80a8_1,explicit
93aa2af4_1,normal
c297d2e2_1,explicit
0992874d_1,both
e24eb8af_1,normal
e24eb8af_2,explicit
e24eb8af_3,explicit
e24eb8af_4,explicit
e24eb8af_5,explicit
e24eb8af_6,normal
6ca98774_1,both
650c6b81_1,explicit
0731ba59_1,both
2b890514_1,normal
2b890514_2,implicit
2b890514_3,normal
02a9a424_1,normal
fadc70c8_1,both
fadc70c8_2,both
cd9afbfa_1,explicit
cd9afbfa_2,explicit
cd9afbfa_3,explicit
a17ecc17_1,normal
a17ecc17_2,implicit
938f136a_1,normal
938f136a_2,normal
a986cf7d_1,explicit
a8adace6_1,normal
efa380f5_1,normal
52aec135_1,normal
930fd3ac_1,normal
aec3606a_1,both
71429e73_1,implicit
17f4d36e_1,explicit
edad0a16_1,normal
6a509235_1,both
989ebd9b_1,explicit
76efd7fa_1,implicit
8b381676_1,normal
0dfc2e4f_1,normal
b7f3d86f_1,explicit
7c989f01_1,normal
63efa88a_1,normal
27a914f6_1,normal
27a914f6_2,normal
5a20e19b_1,normal
5a20e19b_2,normal
4866193d_1,explicit
4866193d_2,normal
5a993574_1,explicit
4d9336a9_1,normal
d4e12965_1,normal
631bd93d_1,explicit
b989ba6c_1,both
1a94ce2a_1,normal
fdf7d338_1,normal
5416d350_1,explicit
16422c11_1,normal
c8d61b97_1,implicit
c8d61b97_2,implicit
c8d61b97_3,implicit
c8d61b97_4,normal
98eeb6d5_1,both
85f4abcf_1,implicit
976ad369_1,normal
976ad369_2,explicit
220ab0f3_1,normal
230f2672_1,explicit
3f5a8cea_1,normal
97c292f7_1,normal
e1c92b16_1,explicit
6a875a9e_1,explicit
3699119d_1,normal
acf81e49_1,normal
046a7b36_1,normal
046a7b36_2,normal
046a7b36_3,both
4372eb88_1,normal
4372eb88_2,explicit
4372eb88_3,explicit
4372eb88_4,normal
4372eb88_5,normal
4372eb88_6,normal
4372eb88_7,explicit
995c1d00_1,explicit
1aeb8ed4_1,normal
1aeb8ed4_2,normal
1aeb8ed4_3,normal
1aeb8ed4_4,normal
1aeb8ed4_5,normal
1aeb8ed4_6,normal
1aeb8ed4_7,normal
45d1594f_1,normal
45d1594f_3,normal
a6f9618f_1,explicit
72921f2f_1,explicit
c55642e8_1,normal
ea1c62b7_1,normal
ac7d2590_1,normal
ac7d2590_2,explicit
55aaafeb_1,normal
a0c7acc3_1,normal
a0c7acc3_2,explicit
a0c7acc3_3,normal
e191e9bd_1,explicit
5a4cf1ef_1,both
1b760ea3_1,implicit
1b760ea3_2,both
7b79038f_1,normal
7b79038f_2,normal
7b79038f_3,explicit
7f22539b_1,implicit
227eb29b_1,normal
140856cf_1,normal
140856cf_2,explicit
8afddea7_1,both
8afddea7_2,explicit
8afddea7_3,explicit
799e131a_1,implicit
5a36522b_1,normal
ad8aa28c_1,normal
678286b5_1,normal
678286b5_2,normal
721818f5_1,both
71e1e052_1,normal
71e1e052_2,explicit
883bb83c_1,normal
3ab6ce7b_1,normal
20f887a9_1,normal
28c56d55_1,normal
6fd8ad9b_1,explicit
e6f988dd_1,normal
84e7d526_1,explicit
f11d1cb7_1,both
16158ead_1,normal
e5286de5_1,explicit
e5286de5_2,explicit
e5286de5_3,explicit
e5286de5_4,normal
1fe40af9_1,explicit
d5c24c53_1,normal
d5c24c53_2,explicit
d5c24c53_3,explicit
4c3e9154_1,normal
4c3e9154_2,both
4c3e9154_3,normal
8515015c_1,normal
f5452008_1,explicit
ca8b9d06_1,normal
ca8b9d06_2,normal
ca8b9d06_3,normal
cbb8d76a_1,both
048a514c_1,normal
6c4022c3_1,normal
6c4022c3_2,implicit
46477bbe_1,normal
bdd0517f_1,normal
5340fb9a_1,normal
d7b68cc3_1,normal
71808814_1,both
71808814_2,explicit
941980da_1,normal
55d56d53_1,normal
55d56d53_2,explicit
e876b2fb_1,both
34c8bc2c_1,implicit
34c8bc2c_2,implicit
4861f8c3_1,explicit
1f24f339_1,normal
060ba210_1,normal
f508995b_1,normal
d45b6aad_1,normal
d45b6aad_2,normal
9c6c05e2_1,explicit
fe3ec150_1,explicit
08be0a7b_1,normal
ce2e98c7_1,implicit
176cce5f_1,normal
176cce5f_2,normal
176cce5f_3,normal
691dbf99_1,normal
37a8109b_1,explicit
ef525d45_1,normal
ef525d45_2,normal
1fa9f044_1,normal
e36ccbdd_1,both
f3429109_1,normal
b51dd3be_1,normal
b51dd3be_2,normal
b51dd3be_3,normal
b51dd3be_4,normal
a9fe1eaa_1,normal
a9fe1eaa_2,both
a9fe1eaa_3,both
a9fe1eaa_4,both
8c0dcda8_1,normal
8c0dcda8_2,explicit
8c0dcda8_3,normal
8c0dcda8_4,normal
8c0dcda8_5,normal
8c0dcda8_6,normal
0ee9fa2e_1,explicit
0ee9fa2e_2,normal
247b4993_1,normal
973cb409_1,both
973cb409_2,normal
1a528cd3_1,explicit
c9af82d6_1,normal
ac8e75f7_1,both
ac8e75f7_2,normal
799f0d9a_1,explicit
a8a060b8_1,normal
014747ba_1,explicit
c19528c5_1,normal
c19528c5_2,normal
52f9af42_1,explicit
52f9af42_2,normal
27803abf_1,normal
732740a1_1,explicit
594385c6_1,normal
594385c6_2,implicit
f3ab4fae_1,normal
f3ab4fae_2,both
5219ae73_1,normal
bf0292d2_1,both
5589e6f6_1,normal
974d7034_1,implicit
9f7292fc_1,normal
3a9d6959_1,both
8da300b5_1,normal
8da300b5_2,both
9e4ee188_1,explicit
04bb1298_1,normal
4026942a_1,normal
bb2addb8_1,normal
26b2dec0_1,explicit
d1a94310_1,both
7125cff8_1,normal
0e296f4b_1,explicit
7905715a_1,normal
7905715a_2,normal
7905715a_3,normal
7905715a_4,normal
f0f362b8_1,both
f0f362b8_2,normal
f0f362b8_3,explicit
f0f362b8_4,normal
354fa813_1,explicit
354fa813_2,explicit
af800d86_1,normal
018a54bb_1,normal
d9709f94_1,normal
e7ff6f3d_1,both
76cfe8a3_1,both
ab883376_1,explicit
805e0ce9_1,normal
a2f7bceb_1,normal
40e6b51c_1,normal
40e6b51c_2,both
916d6b6a_1,normal
9a41c145_1,both
9a41c145_2,normal
e875efc4_1,normal
f7ed6e0a_1,normal
8da50097_1,normal
7980a5b7_1,normal
46667701_1,normal
99e8a8f1_2,explicit
99e8a8f1_3,explicit
220e4127_1,normal
c761aad8_1,normal
9a52c8ed_1,explicit
9a52c8ed_2,normal
d456aa7c_1,normal
84d221e8_1,both
84d221e8_2,implicit
84d221e8_3,normal
84d221e8_4,both
84d221e8_5,implicit
e9f795c9_1,normal
48f4a232_1,normal
486cd96b_1,both
a3379bd8_1,normal
1e1e5635_1,normal
657db607_1,explicit
cf1fec4e_1,normal
cf1fec4e_2,both
71772843_1,normal
c157fa3b_1,explicit
0e5cd5e2_2,normal
0e5cd5e2_3,normal
0fb40514_1,explicit
0fb40514_2,explicit
0fb40514_3,explicit
c91e7964_1,normal
c91e7964_2,normal
bc7f8ebd_1,implicit
ee6fa07f_1,both
12ca3800_1,normal
ff9092a3_1,normal
6b7116d8_1,normal
60465ea4_1,normal
5d13a592_1,normal
2f4df612_1,normal
2f4df612_2,normal
2f4df612_3,normal
cc763c78_1,normal
afa1c583_1,normal
75db3b09_1,normal
4bce7161_1,normal
ad2b5082_1,normal
ad2b5082_2,normal
ad2b5082_3,normal
023b5f06_1,normal
f4945657_1,explicit
f4945657_2,explicit
f4945657_3,explicit
f4945657_4,normal
9a73303d_1,normal
9a73303d_2,normal
9a73303d_3,both
9a73303d_4,both
139a670e_1,explicit
385f3a0b_1,normal
4fcf4a5b_1,normal
82e9bd42_1,normal
82e9bd42_2,normal
54b3402d_1,explicit
78411aa0_1,normal
d398404b_1,normal
c3189a21_1,normal
c89802c6_1,normal
e026dba9_1,normal
d3e4e700_1,normal
49a530e1_1,normal
9c6e4ac5_1,normal
9c6e4ac5_2,normal
9c6e4ac5_3,explicit
2152a2f0_1,both
2ad4ed8b_1,normal
9f00b397_1,normal
341acef0_1,normal
341acef0_2,normal
341acef0_3,explicit
2f72f671_1,normal
fcea351f_1,both
7dc7c7dc_1,explicit
6dd4c729_1,normal
e5163249_1,both
2003f395_1,implicit
983fae0f_1,both
73ceb07b_1,normal
73ceb07b_2,normal
4210e124_1,normal
8b516acd_1,both
2834ccfc_1,explicit
a9d88fb2_1,normal
b60b4bda_1,normal
f633a624_1,normal
71c339ea_1,explicit
71c339ea_2,normal
5427356e_1,both
5427356e_2,both
c0729ede_1,implicit
ccc9cfcd_1,normal
281d7bda_1,normal
951b695e_1,implicit
70119576_1,normal
b2f8d59b_1,explicit
ea148b05_1,normal
da7a8d3f_1,normal
6151e82c_1,explicit
9f4e05ac_1,explicit
8c556ede_1,normal
33220b2e_1,normal
6f646116_1,normal
9cd7e51d_1,normal
a544fc2c_1,normal
a544fc2c_2,normal
a544fc2c_3,normal
5780c39d_1,explicit
c298ac87_1,normal
06f22d50_1,normal
a2ac446f_1,normal
a2ac446f_2,normal
a2ac446f_3,normal
a2ac446f_4,normal
a2ac446f_5,normal
8eeb58ac_1,normal
8eeb58ac_2,both
3c15522d_2,normal
3c15522d_3,normal
51a5d99d_1,normal
2454cc11_1,explicit
7ba9c7e5_1,normal
2a0fa5d1_1,normal
5f6fc260_1,normal
d074415f_1,normal
b37ebe69_1,normal
0df0d8f7_1,normal
afcabafb_1,normal
a0131769_1,normal
732acb1b_1,normal
732acb1b_2,normal
93bf8d4d_1,both
461ed426_1,explicit
38ef933e_1,both
25c52105_1,both
efab1c9f_1,normal
e0e65235_1,both
3e53775a_1,normal
d0b87cd0_1,explicit
d0b87cd0_2,normal
d0b87cd0_3,normal
d03aa6c0_1,explicit
14461fa2_1,normal
14461fa2_2,explicit
14461fa2_3,normal
a3c6be29_1,normal
ccf8f164_1,explicit
405b59de_1,both
4a05c782_1,normal
267953a4_1,explicit
3cace840_1,normal
212a7657_1,normal
1bc00754_1,normal
8efea51f_1,normal
8efea51f_2,normal
ac3b7098_1,both
b8bc13da_1,normal
7c8ac9af_1,explicit
9c6b57b9_1,normal
b31fa3d3_1,normal
80a868dd_1,normal
8749d37d_1,both
8749d37d_2,both
8749d37d_3,both
72ebd1c9_1,explicit
a621e99a_1,normal
a621e99a_2,explicit
a621e99a_3,explicit
67b97a28_1,explicit
842845a5_1,normal
6fe318fa_1,normal
8926eff7_1,explicit
8926eff7_2,normal
8926eff7_3,explicit
42bb64f1_1,explicit
42bb64f1_2,normal
bfaa4669_1,normal
dd1a4917_1,normal
dd1a4917_2,normal
c79b6c4f_1,implicit
359653d7_1,both
f6b797e6_1,normal
3a38c252_1,implicit
d6dced82_1,normal
d6dced82_2,explicit
d6dced82_3,explicit
67b0506a_1,normal
124d2b26_1,normal
efe6b777_1,explicit
ee3e6dab_1,normal
f98ec258_1,normal
43ef1f7e_1,normal
745cf8f1_1,explicit
b7f093e4_1,explicit
b7f093e4_2,normal
4e7f8b00_1,explicit
7c7ba4fc_1,normal
9d2d1798_1,normal
d242e385_1,normal
70c84139_1,normal
0e3be74e_1,normal
ec69d540_1,normal
0d504b0b_1,implicit
53adfefe_1,normal
26a3b790_1,normal
562f4547_1,implicit
ad14daa4_1,normal
3d25a8ea_1,normal
079db7ce_1,normal
0c3e8287_1,explicit
0c3e8287_2,explicit
0c3e8287_3,normal
bc4748d4_1,implicit
9f51e10b_1,explicit
6c59061a_1,normal
2b476f62_1,normal
04ab503e_1,normal
04ab503e_2,normal
80bf14df_1,normal
80bf14df_2,implicit
5b7fb7e7_1,normal
a1f31cfd_3,normal
a1f31cfd_4,explicit
a1f31cfd_5,normal
a1f31cfd_6,both
a1f31cfd_7,explicit
a1f31cfd_8,normal
a1f31cfd_9,explicit
a1f31cfd_10,normal
37f921a2_1,explicit
37f921a2_2,explicit
a270f959_3,both
a270f959_4,implicit
a270f959_5,implicit
f926b313_2,normal
f926b313_3,normal
af08c0ec_2,explicit
af08c0ec_3,normal
af08c0ec_4,explicit
af08c0ec_5,normal
af08c0ec_6,both
af08c0ec_7,explicit
af08c0ec_8,normal
af08c0ec_9,explicit
af08c0ec_10,normal
af08c0ec_11,normal
af08c0ec_12,normal
de69cda9_2,both
de69cda9_3,normal
de69cda9_4,normal
1aadb604_2,explicit
1aadb604_3,normal
1aadb604_4,normal
10ebeabc_1,normal
10ebeabc_2,normal
10ebeabc_3,explicit
10ebeabc_4,explicit
10ebeabc_5,both
10ebeabc_6,explicit
842845a5_2,normal
842845a5_3,normal
842845a5_4,normal
842845a5_5,normal
6fdc58d6_2,normal
d4f04ce1_9,normal
d4f04ce1_15,explicit
d4f04ce1_16,explicit
d4f04ce1_17,explicit
d4f04ce1_23,explicit
d4f04ce1_24,normal
523a9442_2,explicit
523a9442_4,normal
73b7ab70_4,normal
e6cba92f_2,explicit
e6cba92f_3,explicit
1d5b80ba_2,explicit
10851f63_1,normal
d8ee7000_2,normal
c0729ede_2,both
c0729ede_3,explicit
32a35775_2,normal
32a35775_3,explicit
32a35775_4,explicit
32a35775_5,normal
32a35775_6,normal
249cd43e_2,explicit
249cd43e_3,explicit
249cd43e_4,explicit
249cd43e_5,explicit
48e5d742_2,normal
48e5d742_3,explicit
48e5d742_4,normal
6f646116_2,implicit
6f646116_3,implicit
c7c07da1_2,implicit
c7c07da1_3,implicit
c7c07da1_4,implicit
c7c07da1_5,both
e1991747_2,explicit
e1991747_3,normal
e1991747_4,normal
e1991747_5,both
8256c18f_2,explicit
8256c18f_3,explicit
8256c18f_4,explicit
8256c18f_5,both
8256c18f_6,explicit
8256c18f_7,explicit
8256c18f_8,both
8256c18f_9,both
8256c18f_10,both
8256c18f_11,normal
c2fc902e_1,explicit
4305be0c_1,normal
4305be0c_2,both
9ceab042_1,normal
9ceab042_2,normal
0b705561_4,normal
48be77fc_2,explicit
48be77fc_3,explicit
48be77fc_4,explicit
6af2ed98_1,normal
7f133c9a_4,normal
7f133c9a_5,normal
7f133c9a_6,explicit
7f133c9a_7,both
7f133c9a_8,normal
7f133c9a_9,normal
baa81574_2,normal
3fb83a3c_1,implicit
3fb83a3c_3,implicit
3fb83a3c_5,explicit
f2558ae5_2,normal
f2558ae5_3,normal
f2558ae5_4,both
f2558ae5_5,explicit
f2558ae5_6,explicit
5f8fabfd_1,normal
5f8fabfd_2,normal
5f8fabfd_3,normal
1c999122_2,normal
fc6af5a0_1,normal
c653df19_2,explicit
d4a7c3d8_1,explicit
d4a7c3d8_2,explicit
ebd23edc_2,normal
ebd23edc_3,implicit
ebd23edc_4,implicit
ebd23edc_5,both
ebd23edc_6,explicit
ebd23edc_8,explicit
ebd23edc_10,explicit
ebd23edc_12,explicit
ebd23edc_13,implicit
9c6c05e2_2,both
9c6c05e2_3,both
9c6c05e2_4,both
f6304202_2,normal
f6304202_3,explicit
f6304202_4,explicit
f6304202_5,normal
a39a084c_3,normal
a39a084c_4,normal
a39a084c_7,normal
a39a084c_11,both
86aef1dc_1,both
86aef1dc_2,both
86aef1dc_3,both
86aef1dc_4,explicit
2c3a4876_4,normal
2c3a4876_6,normal
2c3a4876_7,normal
6d9f9d63_2,normal
6d9f9d63_3,implicit
a0f6f6a1_2,normal
a0f6f6a1_4,explicit
a0f6f6a1_5,normal
a0f6f6a1_6,normal
a0f6f6a1_7,normal
a0f6f6a1_9,normal
a0f6f6a1_14,explicit
3044ac0f_2,both
3044ac0f_3,both
3044ac0f_4,explicit
3044ac0f_5,explicit
3044ac0f_6,explicit
2fc23b04_1,explicit
8d42f71a_2,explicit
8d42f71a_3,normal
16deb863_1,normal
16deb863_2,normal
16deb863_3,normal
fe4d45d1_2,both
a3a3fcf5_1,both
a3a3fcf5_2,both
a3a3fcf5_3,normal
a3a3fcf5_4,normal
a3a3fcf5_5,normal
ca843567_2,normal
ca843567_3,normal
ca843567_4,normal
0e2e82e1_2,normal
0e2e82e1_3,normal
c0936138_2,both
c0936138_3,both
c0936138_4,both
c0936138_5,explicit
c0936138_6,implicit
9ba68e09_5,both
9ba68e09_6,both
4f48e042_1,implicit
4f48e042_2,explicit
4f48e042_3,normal
4f48e042_4,normal
83722046_4,normal
83722046_7,normal
9a296f43_1,explicit
9a296f43_2,both
9a296f43_3,both
9a296f43_4,normal
98783bae_4,explicit
98783bae_5,normal
9f1c593f_2,explicit
9f1c593f_3,normal
28c56d55_2,explicit
28c56d55_3,explicit
28c56d55_4,explicit
28c56d55_5,explicit
28c56d55_6,explicit
28c56d55_7,explicit
28c56d55_8,explicit
28c56d55_9,explicit
671de909_1,both
6441b5f6_1,normal
6441b5f6_2,normal
6441b5f6_3,normal
6441b5f6_4,normal
6441b5f6_5,normal
6441b5f6_6,normal
6441b5f6_7,normal
6441b5f6_8,normal
2bd360da_2,explicit
2bd360da_3,explicit
22ac07f5_2,explicit
80ac1f58_2,explicit
80ac1f58_3,explicit
80ac1f58_4,explicit
80ac1f58_5,normal
80ac1f58_6,normal
80ac1f58_7,explicit
80ac1f58_8,normal
675fdd79_4,normal
675fdd79_5,normal
675fdd79_6,explicit
675fdd79_7,normal
675fdd79_8,normal
675fdd79_9,normal
675fdd79_10,normal
1fc43784_1,normal
1fc43784_2,implicit
1fc43784_3,normal
9c3666c3_4,normal
9c3666c3_5,normal
9c3666c3_6,explicit
9c3666c3_7,explicit
d0a20d57_1,normal
d0a20d57_2,normal
d0a20d57_3,explicit
d0a20d57_4,explicit
d0a20d57_5,explicit
d0a20d57_6,normal
d0a20d57_7,normal
d0a20d57_8,normal
d0a20d57_9,normal
d0a20d57_10,normal
70119576_2,explicit
4c3e9154_4,normal
455584af_1,explicit
455584af_2,both
455584af_3,normal
cd77a30f_1,normal
cd77a30f_4,normal
cd77a30f_5,normal
cd77a30f_6,normal
9f51e10b_2,normal
9f51e10b_3,normal
9f51e10b_4,normal
9f51e10b_5,normal
9f51e10b_6,normal
9f51e10b_7,implicit
9f51e10b_8,implicit
9f51e10b_9,normal
9f51e10b_10,normal
9f51e10b_11,normal
9f51e10b_12,normal
9f51e10b_13,normal
bbb4f0e6_2,normal
bbb4f0e6_3,normal
0c3e8287_4,normal
0c3e8287_5,normal
0c3e8287_6,normal
0c3e8287_7,normal
0c3e8287_8,normal
0c3e8287_9,normal
75db3f11_2,implicit
75db3f11_3,normal
75db3f11_4,implicit
75db3f11_5,normal
75db3f11_6,implicit
75db3f11_7,normal
7cdae8b8_2,normal
7cdae8b8_3,normal
7cdae8b8_4,normal
7cdae8b8_5,normal
6144b254_1,normal
6144b254_2,normal
6144b254_3,explicit
6144b254_4,explicit
6144b254_5,explicit
6144b254_6,explicit
e46023fd_2,both
e46023fd_3,both
e46023fd_4,both
e46023fd_5,both
e46023fd_6,implicit
e46023fd_7,implicit
e46023fd_8,normal
e46023fd_9,normal
e46023fd_10,normal
e46023fd_11,normal
e46023fd_12,both
e46023fd_13,normal
e46023fd_14,implicit
e46023fd_15,implicit
e46023fd_16,implicit
d07d7699_1,both
d07d7699_2,both
725139f5_2,normal
a8f300a8_2,normal
7b1f7d7e_1,both
7b1f7d7e_2,normal
7b1f7d7e_3,both
7b1f7d7e_4,both
b045453e_1,explicit
b045453e_2,explicit
b045453e_3,implicit
b045453e_4,normal
b045453e_5,explicit
b045453e_6,explicit
b045453e_7,normal
f5f82243_2,normal
f5f82243_3,normal
f5f82243_4,normal
a0131769_2,both
7ed1f488_2,normal
7ed1f488_3,explicit
7ed1f488_4,explicit
7ed1f488_5,explicit
7ed1f488_6,explicit
7ed1f488_7,explicit
7ed1f488_8,explicit
7ed1f488_9,explicit
7ed1f488_10,normal
7ed1f488_11,normal
7ed1f488_12,normal
bea21e3c_2,explicit
bea21e3c_3,explicit
c1de6a35_2,normal
c1de6a35_3,explicit
c1de6a35_4,normal
c1de6a35_5,explicit
c1de6a35_6,implicit
c1de6a35_7,implicit
0c0da8f6_1,explicit
1961ed48_1,explicit
1961ed48_2,explicit
ee9d4ab6_1,both
c51bc6d0_1,both
90e67d3e_2,normal
90e67d3e_3,normal
42b6c0cd_3,explicit
bd61e3f9_2,explicit
bd61e3f9_3,normal
bd61e3f9_4,normal
bd61e3f9_5,explicit
bd61e3f9_6,explicit
9d99c88c_1,normal
9d99c88c_2,normal
9d99c88c_3,normal
9d99c88c_4,normal
9d99c88c_5,normal
9d99c88c_6,implicit
e7c28c27_1,normal
e7c28c27_2,both
e7c28c27_3,normal
7af7d864_2,implicit
7af7d864_3,normal
7af7d864_4,explicit
04ab503e_3,normal
04ab503e_4,normal
04ab503e_5,normal
04ab503e_6,normal
04ab503e_7,normal
04ab503e_8,normal
04ab503e_9,explicit
04ab503e_10,explicit
04ab503e_11,explicit
1e109504_1,normal
ad956a4d_1,explicit
ad956a4d_2,explicit
ad956a4d_3,explicit
1a94ce2a_2,normal
1a94ce2a_3,normal
1a94ce2a_4,normal
1a94ce2a_5,normal
fb7205f8_2,normal
fb7205f8_3,explicit
71772843_2,normal
8450f977_1,normal
8450f977_2,normal
8450f977_3,explicit
8450f977_4,normal
8450f977_5,normal
8450f977_6,normal
8450f977_7,normal
8450f977_8,normal
8450f977_9,normal
8450f977_10,normal
cb32ad64_2,implicit
cb32ad64_3,implicit
6f8041f8_2,normal
6f8041f8_3,explicit
6f8041f8_4,both
5bba8288_1,explicit
0e5cd5e2_1,normal
0e5cd5e2_4,explicit
0e5cd5e2_5,normal
0e5cd5e2_6,normal
0e5cd5e2_7,normal
0e5cd5e2_8,explicit
21570827_2,normal
7149c8f6_2,implicit
7149c8f6_3,explicit
1854d7f3_1,explicit
1854d7f3_2,explicit
3c559bc2_2,normal
3c559bc2_3,normal
3c559bc2_4,both
3c559bc2_5,normal
3c559bc2_6,normal
3c559bc2_7,normal
3c559bc2_8,normal
97f8c761_2,explicit
79443246_1,implicit
79443246_2,normal
79443246_3,normal
79443246_4,explicit
3329b409_1,explicit
3329b409_2,normal
3329b409_3,explicit
815f7750_2,normal
815f7750_3,normal
330d00e1_2,normal
330d00e1_3,normal
1390761e_2,normal
0209f814_2,explicit
b63caf49_1,normal
b63caf49_2,normal
b63caf49_3,normal
b63caf49_4,normal
b63caf49_5,both
b63caf49_6,both
b63caf49_7,explicit
b63caf49_8,explicit
b63caf49_9,explicit
b63caf49_10,both
b63caf49_11,both
b63caf49_12,both
b63caf49_13,both
b63caf49_14,both
b63caf49_15,both
76beb3c0_1,normal
76beb3c0_2,explicit
983fae0f_2,both
983fae0f_3,normal
983fae0f_4,both
76bb94b3_2,normal
f4f28231_1,normal
55d56d53_3,normal
55d56d53_4,normal
55d56d53_5,normal
55d56d53_6,normal
55d56d53_7,normal
55d56d53_8,normal
55d56d53_9,normal
55d56d53_10,normal
55d56d53_11,normal
55d56d53_12,normal
55d56d53_13,normal
55d56d53_14,normal
55d56d53_15,normal
55d56d53_16,normal
55d56d53_17,normal
55d56d53_18,normal
55d56d53_19,normal
5a6a61c5_1,explicit
5a6a61c5_2,normal
5a6a61c5_3,normal
5a6a61c5_4,normal
ca614f41_1,both
af0b9283_1,explicit
0ce8d861_2,normal
0ce8d861_3,normal
0ce8d861_4,normal
119676dc_4,normal
119676dc_5,normal
119676dc_6,normal
119676dc_7,normal
119676dc_8,both
640fa6f4_1,normal
640fa6f4_2,explicit
640fa6f4_3,both
46904e4a_3,explicit
46904e4a_4,normal
46904e4a_5,explicit
46904e4a_6,explicit
2f72f671_2,normal
fa7fc488_2,both
fa7fc488_3,both
fa7fc488_4,both
50b79563_1,normal
50b79563_2,normal
50b79563_3,normal
50b79563_4,normal
50b79563_5,normal
50b79563_6,normal
50b79563_7,normal
50b79563_8,normal
50b79563_9,normal
50b79563_10,normal
50b79563_11,normal
50b79563_12,normal
50b79563_13,normal
50b79563_14,implicit
50b79563_15,normal
50b79563_16,normal
50b79563_17,normal
50b79563_18,normal
50b79563_19,normal
0b81b2f7_2,normal
0b81b2f7_3,normal
0b81b2f7_4,explicit
2f96e6d9_3,explicit
2f96e6d9_4,explicit
1b2d748d_2,normal
1b2d748d_3,implicit
1b2d748d_4,normal
74641465_1,explicit
74641465_2,implicit
74641465_3,both
74641465_4,explicit
74641465_5,explicit
74641465_6,both
74641465_7,both
64524644_3,explicit
01ba7594_1,explicit
01ba7594_2,normal
01ba7594_3,explicit
01ba7594_4,both
01ba7594_5,both
01ba7594_6,both
01ba7594_7,normal
01ba7594_8,both
01ba7594_9,both
01ba7594_10,both
01ba7594_11,both
49f63ad4_2,normal
07b2ce02_2,explicit
07b2ce02_4,explicit
07b2ce02_5,explicit
6a0b0a45_2,explicit
6a0b0a45_3,explicit
6a0b0a45_4,explicit
6a0b0a45_5,explicit
6a0b0a45_6,explicit
6a0b0a45_7,explicit
edafd811_2,explicit
edafd811_3,explicit
edafd811_4,normal
edafd811_5,normal
edafd811_6,normal
edafd811_7,explicit
edafd811_8,explicit
edafd811_9,explicit
edafd811_10,explicit
b75bf9ef_2,explicit
b75bf9ef_3,explicit
b75bf9ef_4,explicit
b75bf9ef_5,explicit
b75bf9ef_6,explicit
b75bf9ef_7,normal
b75bf9ef_8,normal
b75bf9ef_9,normal
b75bf9ef_10,normal
b75bf9ef_11,explicit
b75bf9ef_12,explicit
b75bf9ef_13,normal
e8c04fde_2,explicit
c33cf5b9_1,implicit
c33cf5b9_2,normal
c33cf5b9_3,normal
c33cf5b9_4,normal
c33cf5b9_5,explicit
c33cf5b9_6,implicit
c33cf5b9_7,normal
c33cf5b9_8,normal
c33cf5b9_9,normal
c33cf5b9_10,normal
e4acd910_1,normal
90cc84fc_1,explicit
90cc84fc_2,normal
3539b9ff_2,both
3539b9ff_3,explicit
3539b9ff_4,both
00e3ad4d_2,implicit
dd4a3050_1,explicit
dd4a3050_2,implicit
dd4a3050_3,explicit
dd4a3050_4,both
dd4a3050_5,explicit
dd4a3050_6,both
dd4a3050_7,explicit
dd4a3050_8,both
dd4a3050_9,normal
dd4a3050_10,normal
dd4a3050_11,normal
dd4a3050_12,normal
dd4a3050_13,normal
0cee6e8b_2,explicit
0cee6e8b_3,normal
0cee6e8b_4,normal
0cee6e8b_5,explicit
0cee6e8b_6,explicit
0cee6e8b_7,explicit
0cee6e8b_8,explicit
0cee6e8b_9,both
6d1217dc_1,normal
6d1217dc_2,normal
6d1217dc_3,normal
3af25877_2,normal
3af25877_3,normal
3af25877_4,both
3af25877_5,explicit
3af25877_6,both
3af25877_7,explicit
3af25877_8,both
d456aa7c_2,explicit
d456aa7c_3,normal
20f88a44_2,normal
20f88a44_3,normal
20f88a44_4,explicit
20f88a44_5,normal
20f88a44_6,normal
20f88a44_7,normal
20f88a44_8,normal
20f88a44_9,normal
20f88a44_10,normal
20f88a44_11,both
20f88a44_12,explicit
6265287c_1,normal
6265287c_2,normal
6265287c_3,normal
6265287c_4,normal
6265287c_5,normal
6265287c_6,normal
6265287c_7,normal
6265287c_8,normal
6265287c_9,normal
dbe5496a_1,implicit
dbe5496a_2,both
dbe5496a_3,both
dbe5496a_4,explicit
dbe5496a_5,normal
dbe5496a_6,normal
72921f2f_2,normal
72921f2f_3,normal
72921f2f_4,implicit
72921f2f_5,normal
72921f2f_6,normal
72921f2f_7,normal
72921f2f_8,normal
72921f2f_9,normal
924b6c6e_1,both
924b6c6e_2,normal
17d316c7_1,explicit
17d316c7_2,explicit
17d316c7_3,explicit
7e21eca5_2,normal
7e21eca5_3,normal
df4bf5e3_1,explicit
df4bf5e3_2,explicit
df4bf5e3_3,normal
df4bf5e3_4,normal
df4bf5e3_5,normal
df4bf5e3_6,normal
df4bf5e3_7,normal
df4bf5e3_8,normal
df4bf5e3_9,normal
df4bf5e3_10,explicit
df4bf5e3_12,normal
df4bf5e3_13,normal
e4135c1c_2,normal
e4135c1c_3,explicit
e4135c1c_4,explicit
e4135c1c_5,normal
e1c92b16_2,normal
9ab4320a_2,normal
9ab4320a_3,explicit
9ab4320a_4,normal
562e50f3_2,normal
562e50f3_3,normal
562e50f3_4,normal
562e50f3_5,implicit
562e50f3_6,normal
562e50f3_7,normal
562e50f3_8,normal
562e50f3_9,normal
562e50f3_10,normal
562e50f3_11,normal
562e50f3_12,normal
562e50f3_13,implicit
a63322a3_3,explicit
a63322a3_4,explicit
a63322a3_5,normal
a63322a3_6,explicit
a63322a3_7,explicit
a63322a3_8,normal
a63322a3_9,normal
a63322a3_10,explicit
a63322a3_11,normal
a63322a3_12,normal
a63322a3_13,normal
a63322a3_14,explicit
3958b104_2,implicit
3958b104_3,both
3958b104_5,normal
3958b104_6,normal
78f2107c_1,explicit
0fb40514_4,normal
0fb40514_5,implicit
33038a43_2,both
33038a43_3,both
33038a43_4,explicit
d6f09f38_2,normal
d6f09f38_3,normal
d6f09f38_4,normal
d6f09f38_5,normal
d6f09f38_6,normal
d6f09f38_7,normal
d6f09f38_8,normal
9dbfc53d_2,explicit
9dbfc53d_3,explicit
9dbfc53d_4,normal
9dbfc53d_5,normal
9dbfc53d_6,explicit
9dbfc53d_7,explicit
9dbfc53d_8,normal
52aec135_2,normal
52aec135_3,normal
52aec135_4,normal
5f75717a_1,normal
5f75717a_2,explicit
5f75717a_4,normal
5f75717a_5,normal
5f75717a_6,explicit
d480d54f_2,explicit
d480d54f_3,explicit
d480d54f_4,explicit
d480d54f_5,explicit
d480d54f_6,explicit
d480d54f_7,explicit
d480d54f_8,explicit
d480d54f_9,explicit
d480d54f_10,explicit
d480d54f_11,explicit
d480d54f_12,explicit
d480d54f_13,explicit
d480d54f_14,explicit
434988ff_1,both
186bba3c_2,explicit
186bba3c_3,explicit
186bba3c_5,normal
186bba3c_6,explicit
186bba3c_7,explicit
186bba3c_8,explicit
186bba3c_9,explicit
52552dc7_1,normal
52552dc7_2,normal
52552dc7_3,normal
6a6c2ad3_2,normal
6a6c2ad3_3,explicit
6a6c2ad3_4,explicit
6a6c2ad3_5,explicit
6a6c2ad3_6,explicit
6a6c2ad3_7,explicit
55aaafeb_2,normal
461c2497_1,explicit
461c2497_2,normal
461c2497_3,normal
461c2497_4,normal
461c2497_5,explicit
461c2497_6,normal
461c2497_7,implicit
461c2497_8,both
461c2497_9,both
461c2497_10,explicit
57444d89_4,explicit
57444d89_5,explicit
57444d89_6,explicit
57444d89_7,explicit
57444d89_8,normal
57444d89_9,normal
86bf2ba9_2,both
86bf2ba9_3,explicit
d0df5e40_2,explicit
d0df5e40_3,explicit
d0df5e40_4,both
d0df5e40_5,explicit
d0df5e40_6,explicit
d0df5e40_7,normal
fc4a1e75_1,normal
fc4a1e75_2,normal
fc4a1e75_3,normal
fc4a1e75_4,normal
c8a9c4c1_1,normal
c8a9c4c1_2,implicit
c8a9c4c1_3,normal
c8a9c4c1_4,normal
c8a9c4c1_5,normal
c8a9c4c1_6,normal
c8a9c4c1_7,normal
c8a9c4c1_8,normal
c8a9c4c1_9,normal
c8a9c4c1_10,normal
c8a9c4c1_11,normal
c8a9c4c1_12,normal
c8a9c4c1_13,normal
c8a9c4c1_14,explicit
78ddda6b_2,normal
ee775cd3_2,normal
ee775cd3_3,both
ee775cd3_4,normal
ee775cd3_5,normal
c1a23f52_2,normal
c1a23f52_3,normal
29f889da_1,normal
e48eaa80_2,normal
e48eaa80_3,normal
e48eaa80_4,normal
e48eaa80_5,normal
e48eaa80_6,normal
79268b94_1,both
79268b94_2,both
79268b94_3,both
79268b94_4,both
79268b94_5,both
dfbcf5d8_1,explicit
dfbcf5d8_2,normal
dfbcf5d8_3,both
fb91b858_2,normal
fb91b858_3,normal
fb91b858_4,explicit
230cae40_1,both
230cae40_2,explicit
230cae40_3,explicit
230cae40_4,explicit
230cae40_5,explicit
230cae40_6,explicit
230cae40_7,explicit
230cae40_8,explicit
230cae40_9,explicit
230cae40_10,explicit
230cae40_11,explicit
230cae40_12,explicit
230cae40_13,explicit
bbcb20b8_2,explicit
bbcb20b8_3,normal
bbcb20b8_4,normal
bbcb20b8_5,normal
2effc242_1,explicit
2effc242_2,normal
2effc242_3,normal
2effc242_4,normal
2effc242_5,normal
2effc242_6,normal
2effc242_7,both
2effc242_8,both
fdf7d338_2,normal
fdf7d338_3,normal
fdf7d338_4,normal
fdf7d338_5,normal
fdf7d338_6,normal
fdf7d338_7,normal
fdf7d338_8,normal
fdf7d338_9,normal
fdf7d338_10,normal
fdf7d338_11,normal
fdf7d338_12,normal
fdf7d338_13,normal
fdf7d338_14,normal
fdf7d338_15,normal
fdf7d338_16,normal
e2a38270_1,normal
e2a38270_2,explicit
e2a38270_3,explicit
e2a38270_4,both
e2a38270_5,explicit
e2a38270_6,both
e2a38270_7,explicit
e2a38270_8,explicit
e2a38270_9,explicit
e2a38270_10,both
e2a38270_11,both
6a683b4f_1,normal
6a683b4f_2,normal
6a683b4f_3,normal
6a683b4f_4,normal
1702e952_1,explicit
1702e952_2,explicit
1702e952_3,normal
1702e952_4,normal
1702e952_5,normal
1702e952_6,normal
40e6b51c_4,explicit
40e6b51c_5,explicit
40e6b51c_6,normal
40e6b51c_7,explicit
920f3f5a_2,explicit
920f3f5a_3,explicit
920f3f5a_4,explicit
920f3f5a_5,explicit
920f3f5a_6,explicit
920f3f5a_7,explicit
920f3f5a_8,explicit
920f3f5a_9,explicit
920f3f5a_10,explicit
920f3f5a_11,explicit
920f3f5a_12,explicit
920f3f5a_13,explicit
920f3f5a_14,explicit
920f3f5a_15,explicit
920f3f5a_16,explicit
920f3f5a_17,explicit
920f3f5a_18,explicit
920f3f5a_19,explicit
920f3f5a_20,explicit
920f3f5a_21,explicit
920f3f5a_22,explicit
920f3f5a_23,explicit
920f3f5a_24,explicit
920f3f5a_25,explicit
920f3f5a_26,explicit
920f3f5a_27,explicit
920f3f5a_28,explicit
920f3f5a_29,explicit
920f3f5a_30,explicit
920f3f5a_31,explicit
920f3f5a_32,explicit
920f3f5a_33,explicit
920f3f5a_34,explicit
920f3f5a_35,explicit
920f3f5a_36,explicit
920f3f5a_37,explicit
920f3f5a_38,explicit
920f3f5a_39,explicit
eefd6e2f_2,normal
eefd6e2f_3,normal
eefd6e2f_4,normal
eefd6e2f_5,normal
eefd6e2f_6,normal
eefd6e2f_7,normal
eefd6e2f_8,explicit
eefd6e2f_9,normal
eefd6e2f_10,normal
47e806d3_2,normal
47e806d3_3,normal
47e806d3_4,normal
7267602e_1,normal
7267602e_2,explicit
da11745c_2,normal
da11745c_3,normal
da11745c_4,explicit
da11745c_5,explicit
da11745c_6,normal
da11745c_7,explicit
da11745c_8,explicit
da11745c_9,normal
da11745c_10,normal
da11745c_11,normal
da11745c_12,normal
da11745c_13,normal
da11745c_14,normal
da11745c_15,normal
da11745c_16,normal
da11745c_17,normal
da11745c_18,normal
acb894ff_1,both
47b5f947_1,explicit
47b5f947_2,explicit
47b5f947_3,normal
47b5f947_4,normal
efa380f5_2,implicit
efa380f5_3,normal
efa380f5_4,normal
efa380f5_5,explicit
efa380f5_6,explicit
efa380f5_7,normal
63da7369_2,normal
63da7369_3,normal
63da7369_4,normal
a3ffec98_2,both
a3ffec98_3,both
a3ffec98_4,both
a3ffec98_5,both
a3ffec98_6,both
a3ffec98_7,both
a3ffec98_8,both
a3ffec98_9,both
a3ffec98_10,both
a3ffec98_11,both
a3ffec98_12,both
a3ffec98_13,both
a3ffec98_14,both
a3ffec98_15,both
a3ffec98_16,both
a3ffec98_17,both
a3ffec98_18,both
02c10069_2,normal
02c10069_3,both
02c10069_4,normal
506cae22_2,normal
506cae22_3,normal
506cae22_4,normal
0293b1c7_2,normal
0293b1c7_3,normal
ed7e7130_3,normal
ed7e7130_4,normal
ed7e7130_5,normal
ed7e7130_6,both
ca8a8438_2,normal
ca8a8438_3,implicit
ca8a8438_4,normal
ca8a8438_5,normal
ca8a8438_6,normal
aae05c71_1,both
e016af4b_2,normal
e016af4b_3,normal
e016af4b_4,normal
eb8f7b07_2,implicit
5c662484_2,normal
5c662484_3,normal
5c662484_4,implicit
e59be84f_1,explicit
e59be84f_2,normal
f7ed6e0a_2,normal
f7ed6e0a_3,normal
66faa230_2,explicit
66faa230_3,explicit
66faa230_4,normal
66faa230_5,normal
66faa230_6,normal
2c4b8c32_2,explicit
2c4b8c32_3,explicit
2c4b8c32_4,explicit
04fb042e_3,explicit
04fb042e_4,explicit
04fb042e_5,normal
04fb042e_6,normal
04fb042e_7,normal
04fb042e_8,normal
04fb042e_9,normal
04fb042e_10,explicit
7a7f8c31_2,normal
81f6280f_1,normal
81f6280f_2,normal
454fb3aa_1,normal
454fb3aa_2,normal
454fb3aa_3,normal
454fb3aa_4,normal
454fb3aa_5,normal
454fb3aa_6,normal
454fb3aa_7,normal
454fb3aa_8,normal
454fb3aa_9,normal
50372796_1,both
50372796_2,explicit
50372796_3,normal
f6662704_1,explicit
29b7a962_3,normal
29b7a962_4,explicit
29b7a962_5,normal
8de9f923_1,explicit
2003f395_2,implicit
2003f395_3,normal
2003f395_4,normal
2003f395_5,explicit
57f4e675_2,normal
57f4e675_3,normal
57f4e675_4,normal
58683739_2,implicit
58683739_3,normal
efc0d0d5_1,normal
efc0d0d5_2,normal
efc0d0d5_3,both
efc0d0d5_4,normal
f7d648a4_3,normal
f7d648a4_4,both
f7d648a4_5,explicit
f7d648a4_6,normal
f7d648a4_7,explicit
16158ead_2,normal
aa550727_2,normal
aa550727_3,explicit
aa550727_4,both
aa550727_5,explicit
aa550727_6,normal
d51b1764_1,normal
a2e07550_2,normal
a2e07550_3,normal
a2e07550_4,normal
1286dc32_1,normal
1286dc32_2,normal
1286dc32_3,normal
1286dc32_4,normal
1286dc32_5,normal
1286dc32_6,normal
1286dc32_7,explicit
1286dc32_8,normal
b268d1bf_1,explicit
b268d1bf_2,explicit
b268d1bf_3,normal
1cdff3a7_2,both
1cdff3a7_3,both
500583e8_2,normal
4c46e793_2,explicit
4c46e793_3,explicit
4c46e793_4,normal
4c46e793_5,both
6c59061a_2,normal
6c59061a_3,normal
732740a1_2,explicit
2c656d6c_1,explicit
2c656d6c_2,normal
d4c91875_2,implicit
d4c91875_3,explicit
d4c91875_4,both
c3dffc8d_2,normal
c3dffc8d_3,explicit
1cdb6651_1,explicit
1cdb6651_2,normal
1cdb6651_3,normal
1cdb6651_4,normal
1cdb6651_5,normal
1cdb6651_6,normal
1cdb6651_7,normal
b8b18600_1,normal
b8b18600_2,normal
b8b18600_3,normal
b8b18600_4,normal
b8b18600_5,normal
b8b18600_6,normal
b8b18600_7,normal
4861f8c3_2,explicit
4861f8c3_3,normal
4861f8c3_4,explicit
4861f8c3_5,explicit
4861f8c3_6,explicit
3975254e_1,both
3975254e_2,both
3975254e_3,both
3975254e_4,both
3975254e_5,both
3975254e_6,explicit
3975254e_7,explicit
3975254e_8,explicit
3975254e_9,both
3975254e_10,normal
3975254e_11,both
3975254e_12,normal
3975254e_13,explicit
3975254e_14,explicit
8a6b7f64_2,normal
8a6b7f64_3,normal
1100ffdb_4,explicit
1100ffdb_5,explicit
eb2293c7_2,explicit
eb2293c7_3,normal
eb2293c7_4,normal
eb2293c7_5,explicit
eb2293c7_6,normal
4fcf4a5b_2,both
4fcf4a5b_3,explicit
4fcf4a5b_4,normal
4fcf4a5b_5,both
4fcf4a5b_6,both
4fcf4a5b_7,normal
4fcf4a5b_8,normal
4fcf4a5b_9,explicit
4fcf4a5b_10,explicit
4fcf4a5b_11,explicit
e191e9bd_2,explicit
e191e9bd_3,explicit
e191e9bd_4,explicit
e191e9bd_5,explicit
e191e9bd_6,explicit
e191e9bd_7,explicit
e191e9bd_8,explicit
e191e9bd_9,explicit
e191e9bd_10,explicit
e191e9bd_11,implicit
f3c922c0_1,both
f3c922c0_2,both
